==== xiaozhi boot log, uptime=3.972s, sdk=v5.5.4 ====
[+3.974] I (4144) SdCardLog: SD card log redirect started, file=/sdcard/xiaozhi_boot_3.log
[+3.978] I (4144) SdCardLog:   log history: /sdcard/xiaozhi_boot_3.log
[+3.994] I (4164) waveshare_lcd_1_85: 启动日志已重定向到 TF 卡: /sdcard/xiaozhi_boot_3.log
[+4.646] I (4814) WifiStation: Found AP: Zikkoy, BSSID: 5c:7d:ae:fb:6c:60, RSSI: -30, Channel: 11, Authmode: 7
[+4.646] I (4814) WifiBoard: WiFi connecting to Zikkoy
[+4.775] W (4944) wifi:[+4.775] Password length matches WPA2 standards, authmode threshold changes from OPEN to WPA2[+4.777] 
[+5.992] I (6164) wifi:[+5.992] new:<11,2>, old:<1,0>, ap:<255,255>, sta:<11,2>, prof:1, snd_ch_cfg:0x0[+5.992] 
[+5.993] I (6164) wifi:[+5.993] state: init -> auth (0xb0)[+5.993] 
[+6.578] I (6744) wifi:[+6.578] state: auth -> assoc (0x0)[+6.578] 
[+6.584] I (6754) wifi:[+6.584] Association refused temporarily time 1000, comeback time 1100 (TUs)[+6.584] 
[+7.240] I (7414) WifiBoard: BLE delayed start timer fired, starting BLE now...
[+7.242] I (7414) BleServer: ===== BLE Initialization Start (async task) =====
[+7.242] I (7414) BleServer:   OK: BLE start task created, initialization will run asynchronously
[+7.243] I (7414) BLE_INIT: Feature Config, ADV:1, BLE_50:1, DTM:1, SCAN:1, CCA:0, SMP:1, CONNECT:1
[+7.243] I (7414) BLE_INIT: Bluetooth MAC: a0:f2:62:e4:3a:42
[+7.244] I (7414) BleServer:   OK: BT controller initialized
[+7.244] I (7414) BleServer: [2/7] Enabling BLE controller mode...
[+7.246] I (7414) BleServer:   OK: BLE controller enabled
[+7.247] I (7414) BleServer: [3/7] Initializing NimBLE host stack...
[+7.249] I (7414) BleServer:   OK: NimBLE host initialized
[+7.249] I (7414) BleServer: [4/7] Configuring NimBLE host callbacks...
[+7.249] I (7414) BleServer:   OK: Host callbacks configured (reset_cb, sync_cb)
[+7.249] I (7424) BleServer: [5/7] Registering GATT services...
[+7.249] I (7424) BleServer:   OK: GATT services registered (1 primary service, 1 characteristic)
[+7.250] I (7424) BleServer: [6/7] Initializing GAP/GATT services and store...
[+7.251] I (7424) BleServer:   OK: GAP/GATT/Store initialized
[+7.252] I (7424) BleServer: [7/7] Starting NimBLE host task...
[+7.252] I (7424) BleServer: NimBLE host task started
[+7.254] I (7424) BleServer: NimBLE host synchronized, configuring device...
[+7.255] I (7424) BleServer:   OK: BLE address ensured
[+7.255] I (7424) BleServer:   OK: Device name set to 'Xiaozhi-Compass'
[+7.255] I (7424) BleServer:   Starting advertising...
[+7.255] I (7424) BleServer: Configuring advertising data...
[+7.257] I (7424) BleServer:   OK: Adv fields set (name=Xiaozhi-Compass, flags only)
[+7.258] I (7424) BleServer: Starting advertising (undirected, general discoverable)...
[+7.258] I (7424) NimBLE: GAP procedure initiated: advertise; 
[+7.258] I (7424) NimBLE: disc_mode=2
[+7.258] I (7424) NimBLE:  adv_channel_map=7 own_addr_type=0 adv_filter_policy=0 adv_itvl_min=160 adv_itvl_max=240
[+7.258] I (7424) NimBLE: 

[+7.260] I (7434) BleServer:   OK: Advertising started successfully!
[+7.261] I (7434) BleServer:   Device: Xiaozhi-Compass (public address)
[+7.262] I (7434) BleServer:   Mode: General Discoverable, Connectable
[+7.262] I (7434) BleServer: OnSync complete - BLE is now discoverable
[+7.711] I (7884) wifi:[+7.711] state: assoc -> auth (0xb0)[+7.711] 
[+8.005] I (8174) SdCardLogHttp:   OK: Config ready (max_uri_handlers=30, stack_size=20480, timeout=10s)
[+8.006] I (8174) SdCardLogHttp: [3/5] Initializing display request queue...
[+8.006] I (8174) SdCardLogHttp: Display request queue + timer initialized (queue=4 slots, timer=50ms)
[+8.007] I (8174) SdCardLogHttp:   OK: Display request queue ready
[+8.007] I (8174) SdCardLogHttp: [4/5] Starting HTTP server...
[+8.008] I (8174) SdCardLogHttp:   OK: Server started on port 8080
[+8.009] I (8174) SdCardLogHttp: [5/5] Registering URI handlers...
[+8.009] I (8174) SdCardLogHttp:   [GET] /  -> Web UI
[+8.010] I (8184) SdCardLogHttp:   OK: 29 URI handlers registered
[+8.010] I (8184) SdCardLogHttp: ===== HTTP Server Ready =====
[+8.010] I (8184) SdCardLogHttp:   Port: 8080
[+8.014] I (8184) SdCardLogHttp:   Mount: /sdcard
[+8.014] I (8184) SdCardLogHttp:   Handlers: 29
[+8.014] I (8184) Application: HTTP server start called
[+8.015] I (8184) Application: PlayUiSound (zu bytes)
[+8.015] I (8184) I2S_IF: Paired data: 0x3fce9294, current mode: playback, paired in_enable: 0, paired out_enable: 0
[+8.016] I (8184) I2S_IF: STD: TX, data_bit: 16, slot_bit: 16, ws_width: 16, slot_mode: MONO, slot_mask: 0x1
[+8.016] I (8184) I2S_IF: STD: TX, sample_rate_hz: 24000, mclk_multiple: 256, clk_src: 6
[+8.034] I (8204) Adev_Codec: Open codec device OK
[+8.035] I (8204) AudioCodec: Set output enable to true
[+8.039] I (8204) AudioService: Resampling audio from 16000 to 24000
[+8.316] I (8484) wifi:[+8.316] state: auth -> assoc (0x0)[+8.316] 
[+8.341] I (8514) wifi:[+8.341] state: assoc -> run (0x10)[+8.341] 
[+8.369] I (8534) wifi:[+8.369] connected with Zikkoy, aid = 1, channel 11, 40D, bssid = 5c:7d:ae:fb:6c:60[+8.369] 
[+8.369] I (8544) wifi:[+8.370] security: WPA3-SAE H2E, phy: bgn, rssi: -30, cipher(pairwise:0x3, group:0x3), pmf:1[+8.371] 
[+8.372] I (8544) wifi:[+8.372] pm start, type: 1
[+8.372] 
[+8.372] I (8544) wifi:[+8.372] dp: 1, bi: 102400, li: 10, scale listen interval from 1024000 us to 1024000 us[+8.372] 
[+8.372] I (8544) wifi:[+8.373] set rx beacon pti, rx_bcn_pti: 14, bcn_timeout: 25000, mt_pti: 14, mt_time: 10000[+8.373] 
[+8.416] I (8584) wifi:[+8.416] AP's beacon interval = 102400 us, DTIM period = 1[+8.417] 
[+8.498] I (8664) Application: PlayUiSound (zu bytes)
[+9.128] I (9294) wifi:[+9.128] [ADDBA]RX DELBA, reason:39, delete tid:0, initiator:1(originator)[+9.128] 
[+9.133] I (9304) wifi:[+9.133] <ba-add>idx:0 (ifx:0, 5c:7d:ae:fb:6c:60), tid:0, ssn:2, winSize:64[+9.133] 
[+9.838] I (10004) Application: PlayUiSound (zu bytes)
[+9.949] I (10124) esp_netif_handlers: sta ip: 192.168.0.152, mask: 255.255.255.0, gw: 192.168.0.1
[+9.950] I (10124) WifiStation: Got IP: 192.168.0.152
[+9.950] I (10124) BleServer: BLE already running, skip start
[+9.951] I (10124) WifiBoard: Connected to WiFi: Zikkoy
[+9.954] I (10124) AttitudeDisplay: DebugInfoCard shown: title=通知 hidden=0 card_hidden=0
[+9.954] I (10124) AttitudeDisplay: DebugInfo: 通知 | 已连接 Zikkoy (hold=10000ms builtin_font=1)
[+11.931] I (12104) AttitudeDisplay: WiFi fisheye status -> 1
==== xiaozhi boot log, uptime=3.942s, sdk=v5.5.4 ====
[+3.943] I (4114) SdCardLog: SD card log redirect started, file=/sdcard/xiaozhi_boot_3.log
[+3.943] I (4114) SdCardLog:   log history: /sdcard/xiaozhi_boot_3.log
[+3.960] I (4134) waveshare_lcd_1_85: 启动日志已重定向到 TF 卡: /sdcard/xiaozhi_boot_3.log
[+4.646] I (4814) WifiStation: Found AP: Zikkoy, BSSID: 5c:7d:ae:fb:6c:60, RSSI: -30, Channel: 11, Authmode: 7
[+4.647] I (4814) WifiBoard: WiFi connecting to Zikkoy
[+4.765] W (4934) wifi:[+4.765] Password length matches WPA2 standards, authmode threshold changes from OPEN to WPA2[+4.765] 
[+5.980] I (6154) wifi:[+5.981] new:<11,2>, old:<1,0>, ap:<255,255>, sta:<11,2>, prof:1, snd_ch_cfg:0x0[+5.984] 
[+5.984] I (6154) wifi:[+5.985] state: init -> auth (0xb0)[+5.985] 
[+6.584] I (6754) wifi:[+6.584] state: auth -> assoc (0x0)[+6.584] 
[+6.590] I (6764) wifi:[+6.590] Association refused temporarily time 1000, comeback time 1100 (TUs)[+6.590] 
[+7.238] I (7404) WifiBoard: BLE delayed start timer fired, starting BLE now...
[+7.238] I (7404) BleServer: ===== BLE Initialization Start (async task) =====
[+7.239] I (7404) BleServer:   OK: BLE start task created, initialization will run asynchronously
[+7.242] I (7414) BleServer:   OK: BLE controller enabled
[+7.242] I (7414) BleServer: [3/7] Initializing NimBLE host stack...
[+7.243] I (7414) BleServer:   OK: NimBLE host initialized
[+7.243] I (7414) BleServer: [4/7] Configuring NimBLE host callbacks...
[+7.243] I (7414) BleServer:   OK: Host callbacks configured (reset_cb, sync_cb)
[+7.243] I (7414) BleServer: [5/7] Registering GATT services...
[+7.244] I (7414) BleServer:   OK: GATT services registered (1 primary service, 1 characteristic)
[+7.244] I (7414) BleServer: [6/7] Initializing GAP/GATT services and store...
[+7.245] I (7414) BleServer:   OK: GAP/GATT/Store initialized
[+7.246] I (7414) BleServer: [7/7] Starting NimBLE host task...
[+7.246] I (7414) BleServer: NimBLE host task started
[+7.249] I (7414) BleServer: NimBLE host synchronized, configuring device...
[+7.249] I (7414) BleServer:   OK: BLE address ensured
[+7.249] I (7414) BleServer:   OK: Device name set to 'Xiaozhi-Compass'
[+7.249] I (7424) BleServer:   Starting advertising...
[+7.251] I (7424) BleServer: Configuring advertising data...
[+7.251] I (7424) BleServer:   OK: Adv fields set (name=Xiaozhi-Compass, flags only)
[+7.252] I (7424) BleServer: Starting advertising (undirected, general discoverable)...
[+7.252] I (7424) NimBLE: GAP procedure initiated: advertise; 
[+7.252] I (7424) NimBLE: disc_mode=2
[+7.252] I (7424) NimBLE:  adv_channel_map=7 own_addr_type=0 adv_filter_policy=0 adv_itvl_min=160 adv_itvl_max=240
[+7.252] I (7424) NimBLE: 

[+7.253] I (7424) BleServer:   OK: Advertising started successfully!
[+7.255] I (7424) BleServer:   Device: Xiaozhi-Compass (public address)
[+7.255] I (7424) BleServer:   Mode: General Discoverable, Connectable
[+7.255] I (7424) BleServer: OnSync complete - BLE is now discoverable
[+7.717] I (7884) wifi:[+7.717] state: assoc -> auth (0xb0)[+7.718] 
[+8.037] I (8204) SdCardLogHttp:   OK: Config ready (max_uri_handlers=30, stack_size=20480, timeout=10s)
[+8.037] I (8204) SdCardLogHttp: [3/5] Initializing display request queue...
[+8.038] I (8204) SdCardLogHttp: Display request queue + timer initialized (queue=4 slots, timer=50ms)
[+8.039] I (8204) SdCardLogHttp:   OK: Display request queue ready
[+8.039] I (8204) SdCardLogHttp: [4/5] Starting HTTP server...
[+8.040] I (8214) SdCardLogHttp:   OK: Server started on port 8080
[+8.040] I (8214) SdCardLogHttp: [5/5] Registering URI handlers...
[+8.040] I (8214) SdCardLogHttp:   [GET] /  -> Web UI
[+8.041] I (8214) SdCardLogHttp:   OK: 29 URI handlers registered
[+8.042] I (8214) SdCardLogHttp: ===== HTTP Server Ready =====
[+8.043] I (8214) SdCardLogHttp:   Port: 8080
[+8.043] I (8214) SdCardLogHttp:   Mount: /sdcard
[+8.043] I (8214) SdCardLogHttp:   Handlers: 29
[+8.043] I (8214) Application: HTTP server start called
[+8.044] I (8214) Application: PlayUiSound (zu bytes)
[+8.044] I (8214) I2S_IF: Paired data: 0x3fce9294, current mode: playback, paired in_enable: 0, paired out_enable: 0
[+8.044] I (8214) I2S_IF: STD: TX, data_bit: 16, slot_bit: 16, ws_width: 16, slot_mode: MONO, slot_mask: 0x1
[+8.045] I (8214) I2S_IF: STD: TX, sample_rate_hz: 24000, mclk_multiple: 256, clk_src: 6
[+8.064] I (8234) Adev_Codec: Open codec device OK
[+8.065] I (8234) AudioCodec: Set output enable to true
[+8.069] I (8244) AudioService: Resampling audio from 16000 to 24000
[+8.329] I (8494) wifi:[+8.329] state: auth -> assoc (0x0)[+8.329] 
[+8.343] I (8514) wifi:[+8.343] state: assoc -> run (0x10)[+8.343] 
[+8.368] I (8534) wifi:[+8.368] connected with Zikkoy, aid = 1, channel 11, 40D, bssid = 5c:7d:ae:fb:6c:60[+8.368] 
[+8.370] I (8544) wifi:[+8.370] security: WPA3-SAE H2E, phy: bgn, rssi: -30, cipher(pairwise:0x3, group:0x3), pmf:1[+8.370] 
[+8.370] I (8544) wifi:[+8.371] pm start, type: 1
[+8.371] 
[+8.371] I (8544) wifi:[+8.371] dp: 1, bi: 102400, li: 10, scale listen interval from 1024000 us to 1024000 us[+8.371] 
[+8.371] I (8544) wifi:[+8.372] set rx beacon pti, rx_bcn_pti: 14, bcn_timeout: 25000, mt_pti: 14, mt_time: 10000[+8.372] 
[+8.452] I (8624) wifi:[+8.452] AP's beacon interval = 102400 us, DTIM period = 1[+8.452] 
[+8.529] I (8694) Application: PlayUiSound (zu bytes)
[+9.410] I (9584) esp_netif_handlers: sta ip: 192.168.0.152, mask: 255.255.255.0, gw: 192.168.0.1
[+9.410] I (9584) WifiStation: Got IP: 192.168.0.152
[+9.410] I (9584) BleServer: BLE already running, skip start
[+9.410] I (9584) WifiBoard: Connected to WiFi: Zikkoy
[+9.442] I (9614) AttitudeDisplay: DebugInfoCard shown: title=通知 hidden=0 card_hidden=0
[+9.442] I (9614) AttitudeDisplay: DebugInfo: 通知 | 已连接 Zikkoy (hold=10000ms builtin_font=1)
[+9.869] I (10034) Application: PlayUiSound (zu bytes)
[+11.897] I (12064) AttitudeDisplay: WiFi fisheye status -> 1
==== xiaozhi boot log, uptime=3.942s, sdk=v5.5.4 ====
[+3.943] I (4114) SdCardLog: SD card log redirect started, file=/sdcard/xiaozhi_boot_3.log
[+3.943] I (4114) SdCardLog:   log history: /sdcard/xiaozhi_boot_3.log
[+3.959] I (4124) waveshare_lcd_1_85: 启动日志已重定向到 TF 卡: /sdcard/xiaozhi_boot_3.log
[+4.647] I (4814) WifiStation: Found AP: Zikkoy, BSSID: 5c:7d:ae:fb:6c:60, RSSI: -12, Channel: 11, Authmode: 7
[+4.649] I (4824) WifiBoard: WiFi connecting to Zikkoy
[+4.766] W (4934) wifi:[+4.766] Password length matches WPA2 standards, authmode threshold changes from OPEN to WPA2[+4.766] 
[+5.981] I (6154) wifi:[+5.982] new:<11,2>, old:<1,0>, ap:<255,255>, sta:<11,2>, prof:1, snd_ch_cfg:0x0[+5.982] 
[+5.982] I (6154) wifi:[+5.982] state: init -> auth (0xb0)[+5.982] 
[+6.608] I (6774) wifi:[+6.608] state: auth -> assoc (0x0)[+6.608] 
[+6.614] I (6784) wifi:[+6.614] Association refused temporarily time 1000, comeback time 1100 (TUs)[+6.615] 
[+7.242] I (7414) WifiBoard: BLE delayed start timer fired, starting BLE now...
[+7.242] I (7414) BleServer: ===== BLE Initialization Start (async task) =====
[+7.242] I (7414) BleServer:   OK: BLE start task created, initialization will run asynchronously
[+7.243] I (7414) BLE_INIT: Feature Config, ADV:1, BLE_50:1, DTM:1, SCAN:1, CCA:0, SMP:1, CONNECT:1
[+7.243] I (7414) BLE_INIT: Bluetooth MAC: a0:f2:62:e4:3a:42
[+7.244] I (7414) BleServer:   OK: BT controller initialized
[+7.246] I (7414) BleServer: [2/7] Enabling BLE controller mode...
[+7.247] I (7414) BleServer:   OK: BLE controller enabled
[+7.247] I (7414) BleServer: [3/7] Initializing NimBLE host stack...
[+7.249] I (7414) BleServer:   OK: NimBLE host initialized
[+7.249] I (7414) BleServer: [4/7] Configuring NimBLE host callbacks...
[+7.249] I (7424) BleServer:   OK: Host callbacks configured (reset_cb, sync_cb)
[+7.249] I (7424) BleServer: [5/7] Registering GATT services...
[+7.250] I (7424) BleServer:   OK: GATT services registered (1 primary service, 1 characteristic)
[+7.251] I (7424) BleServer: [6/7] Initializing GAP/GATT services and store...
[+7.251] I (7424) BleServer:   OK: GAP/GATT/Store initialized
[+7.252] I (7424) BleServer: [7/7] Starting NimBLE host task...
[+7.252] I (7424) BleServer: NimBLE host task started
[+7.254] I (7424) BleServer: NimBLE host synchronized, configuring device...
[+7.254] I (7424) BleServer:   OK: BLE address ensured
[+7.254] I (7424) BleServer:   OK: Device name set to 'Xiaozhi-Compass'
[+7.256] I (7424) BleServer:   Starting advertising...
[+7.256] I (7424) BleServer: Configuring advertising data...
[+7.257] I (7424) BleServer:   OK: Adv fields set (name=Xiaozhi-Compass, flags only)
[+7.257] I (7424) BleServer: Starting advertising (undirected, general discoverable)...
[+7.258] I (7424) NimBLE: GAP procedure initiated: advertise; 
[+7.258] I (7424) NimBLE: disc_mode=2
[+7.258] I (7424) NimBLE:  adv_channel_map=7 own_addr_type=0 adv_filter_policy=0 adv_itvl_min=160 adv_itvl_max=240
[+7.259] I (7434) NimBLE: 

[+7.261] I (7434) BleServer:   OK: Advertising started successfully!
[+7.261] I (7434) BleServer:   Device: Xiaozhi-Compass (public address)
[+7.261] I (7434) BleServer:   Mode: General Discoverable, Connectable
[+7.261] I (7434) BleServer: OnSync complete - BLE is now discoverable
[+7.742] I (7914) wifi:[+7.742] state: assoc -> auth (0xb0)[+7.742] 
[+8.053] I (8224) SdCardLogHttp:   OK: Config ready (max_uri_handlers=30, stack_size=20480, timeout=10s)
[+8.054] I (8224) SdCardLogHttp: [3/5] Initializing display request queue...
[+8.054] I (8224) SdCardLogHttp: Display request queue + timer initialized (queue=4 slots, timer=50ms)
[+8.055] I (8224) SdCardLogHttp:   OK: Display request queue ready
[+8.055] I (8224) SdCardLogHttp: [4/5] Starting HTTP server...
[+8.056] I (8224) SdCardLogHttp:   OK: Server started on port 8080
[+8.056] I (8224) SdCardLogHttp: [5/5] Registering URI handlers...
[+8.056] I (8224) SdCardLogHttp:   [GET] /  -> Web UI
[+8.057] I (8224) SdCardLogHttp:   OK: 29 URI handlers registered
[+8.060] I (8234) SdCardLogHttp: ===== HTTP Server Ready =====
[+8.060] I (8234) SdCardLogHttp:   Port: 8080
[+8.060] I (8234) SdCardLogHttp:   Mount: /sdcard
[+8.060] I (8234) SdCardLogHttp:   Handlers: 29
[+8.060] I (8234) Application: HTTP server start called
[+8.060] I (8234) Application: PlayUiSound (zu bytes)
[+8.061] I (8234) I2S_IF: Paired data: 0x3fce9294, current mode: playback, paired in_enable: 0, paired out_enable: 0
[+8.061] I (8234) I2S_IF: STD: TX, data_bit: 16, slot_bit: 16, ws_width: 16, slot_mode: MONO, slot_mask: 0x1
[+8.063] I (8234) I2S_IF: STD: TX, sample_rate_hz: 24000, mclk_multiple: 256, clk_src: 6
[+8.079] I (8244) Adev_Codec: Open codec device OK
[+8.080] I (8254) AudioCodec: Set output enable to true
[+8.084] I (8254) AudioService: Resampling audio from 16000 to 24000
[+8.390] I (8564) wifi:[+8.390] state: auth -> assoc (0x0)[+8.390] 
[+8.407] I (8574) wifi:[+8.408] state: assoc -> run (0x10)[+8.408] 
[+8.440] I (8614) wifi:[+8.442] connected with Zikkoy, aid = 1, channel 11, 40D, bssid = 5c:7d:ae:fb:6c:60[+8.442] 
[+8.442] I (8614) wifi:[+8.442] security: WPA3-SAE H2E, phy: bgn, rssi: -11, cipher(pairwise:0x3, group:0x3), pmf:1[+8.442] 
[+8.443] I (8614) wifi:[+8.443] pm start, type: 1
[+8.443] 
[+8.443] I (8614) wifi:[+8.443] dp: 1, bi: 102400, li: 10, scale listen interval from 1024000 us to 1024000 us[+8.443] 
[+8.444] I (8614) wifi:[+8.444] set rx beacon pti, rx_bcn_pti: 14, bcn_timeout: 25000, mt_pti: 14, mt_time: 10000[+8.448] 
[+8.522] I (8694) wifi:[+8.522] AP's beacon interval = 102400 us, DTIM period = 1[+8.522] 
[+8.543] I (8714) Application: PlayUiSound (zu bytes)
[+8.627] I (8794) wifi:[+8.627] [ADDBA]RX DELBA, reason:39, delete tid:0, initiator:1(originator)[+8.627] 
[+8.628] I (8794) wifi:[+8.628] <ba-add>idx:0 (ifx:0, 5c:7d:ae:fb:6c:60), tid:0, ssn:2, winSize:64[+8.628] 
[+9.469] I (9644) esp_netif_handlers: sta ip: 192.168.0.152, mask: 255.255.255.0, gw: 192.168.0.1
[+9.470] I (9644) WifiStation: Got IP: 192.168.0.152
[+9.472] I (9644) BleServer: BLE already running, skip start
[+9.472] I (9644) WifiBoard: Connected to WiFi: Zikkoy
[+9.612] I (9784) AttitudeDisplay: DebugInfoCard shown: title=通知 hidden=0 card_hidden=0
[+9.612] I (9784) AttitudeDisplay: DebugInfo: 通知 | 已连接 Zikkoy (hold=10000ms builtin_font=1)
[+9.913] I (10084) Application: PlayUiSound (zu bytes)
[+11.846] I (12014) AttitudeDisplay: WiFi fisheye status -> 1
==== xiaozhi boot log, uptime=3.942s, sdk=v5.5.4 ====
[+3.944] I (4114) SdCardLog: SD card log redirect started, file=/sdcard/xiaozhi_boot_3.log
[+3.946] I (4114) SdCardLog:   log history: /sdcard/xiaozhi_boot_3.log
[+3.962] I (4134) waveshare_lcd_1_85: 启动日志已重定向到 TF 卡: /sdcard/xiaozhi_boot_3.log
[+4.646] I (4814) WifiStation: Found AP: Zikkoy, BSSID: 5c:7d:ae:fb:6c:60, RSSI: -11, Channel: 11, Authmode: 7
[+4.647] I (4814) WifiBoard: WiFi connecting to Zikkoy
[+4.765] W (4934) wifi:[+4.765] Password length matches WPA2 standards, authmode threshold changes from OPEN to WPA2[+4.767] 
[+5.982] I (6154) wifi:[+5.982] new:<11,2>, old:<1,0>, ap:<255,255>, sta:<11,2>, prof:1, snd_ch_cfg:0x0[+5.982] 
[+5.983] I (6154) wifi:[+5.983] state: init -> auth (0xb0)[+5.983] 
[+6.607] I (6774) wifi:[+6.607] state: auth -> assoc (0x0)[+6.607] 
[+6.613] I (6784) wifi:[+6.613] Association refused temporarily time 1000, comeback time 1100 (TUs)[+6.613] 
[+7.241] I (7414) WifiBoard: BLE delayed start timer fired, starting BLE now...
[+7.241] I (7414) BleServer: ===== BLE Initialization Start (async task) =====
[+7.243] I (7414) BleServer:   OK: BLE start task created, initialization will run asynchronously
[+7.243] I (7414) BLE_INIT: Feature Config, ADV:1, BLE_50:1, DTM:1, SCAN:1, CCA:0, SMP:1, CONNECT:1
[+7.244] I (7414) BLE_INIT: Bluetooth MAC: a0:f2:62:e4:3a:42
[+7.244] I (7414) BleServer:   OK: BT controller initialized
[+7.245] I (7414) BleServer: [2/7] Enabling BLE controller mode...
[+7.246] I (7414) BleServer:   OK: BLE controller enabled
[+7.246] I (7414) BleServer: [3/7] Initializing NimBLE host stack...
[+7.249] I (7414) BleServer:   OK: NimBLE host initialized
[+7.249] I (7424) BleServer: [4/7] Configuring NimBLE host callbacks...
[+7.249] I (7424) BleServer:   OK: Host callbacks configured (reset_cb, sync_cb)
[+7.250] I (7424) BleServer: [5/7] Registering GATT services...
[+7.250] I (7424) BleServer:   OK: GATT services registered (1 primary service, 1 characteristic)
[+7.250] I (7424) BleServer: [6/7] Initializing GAP/GATT services and store...
[+7.250] I (7424) BleServer:   OK: GAP/GATT/Store initialized
[+7.252] I (7424) BleServer: [7/7] Starting NimBLE host task...
[+7.252] I (7424) BleServer: NimBLE host task started
[+7.254] I (7424) BleServer: NimBLE host synchronized, configuring device...
[+7.254] I (7424) BleServer:   OK: BLE address ensured
[+7.254] I (7424) BleServer:   OK: Device name set to 'Xiaozhi-Compass'
[+7.254] I (7424) BleServer:   Starting advertising...
[+7.255] I (7424) BleServer: Configuring advertising data...
[+7.255] I (7424) BleServer:   OK: Adv fields set (name=Xiaozhi-Compass, flags only)
[+7.257] I (7424) BleServer: Starting advertising (undirected, general discoverable)...
[+7.257] I (7424) NimBLE: GAP procedure initiated: advertise; 
[+7.257] I (7424) NimBLE: disc_mode=2
[+7.257] I (7424) NimBLE:  adv_channel_map=7 own_addr_type=0 adv_filter_policy=0 adv_itvl_min=160 adv_itvl_max=240
[+7.258] I (7424) NimBLE: 

[+7.259] I (7424) BleServer:   OK: Advertising started successfully!
[+7.259] I (7434) BleServer:   Device: Xiaozhi-Compass (public address)
[+7.261] I (7434) BleServer:   Mode: General Discoverable, Connectable
[+7.261] I (7434) BleServer: OnSync complete - BLE is now discoverable
[+7.740] I (7914) wifi:[+7.740] state: assoc -> auth (0xb0)[+7.740] 
[+8.051] I (8224) SdCardLogHttp:   OK: Config ready (max_uri_handlers=30, stack_size=20480, timeout=10s)
[+8.051] I (8224) SdCardLogHttp: [3/5] Initializing display request queue...
[+8.052] I (8224) SdCardLogHttp: Display request queue + timer initialized (queue=4 slots, timer=50ms)
[+8.052] I (8224) SdCardLogHttp:   OK: Display request queue ready
[+8.053] I (8224) SdCardLogHttp: [4/5] Starting HTTP server...
[+8.054] I (8224) SdCardLogHttp:   OK: Server started on port 8080
[+8.055] I (8224) SdCardLogHttp: [5/5] Registering URI handlers...
[+8.055] I (8224) SdCardLogHttp:   [GET] /  -> Web UI
[+8.056] I (8224) SdCardLogHttp:   OK: 29 URI handlers registered
[+8.056] I (8224) SdCardLogHttp: ===== HTTP Server Ready =====
[+8.056] I (8224) SdCardLogHttp:   Port: 8080
[+8.056] I (8224) SdCardLogHttp:   Mount: /sdcard
[+8.057] I (8224) SdCardLogHttp:   Handlers: 29
[+8.058] I (8224) Application: HTTP server start called
[+8.058] I (8224) Application: PlayUiSound (zu bytes)
[+8.058] I (8224) I2S_IF: Paired data: 0x3fce9294, current mode: playback, paired in_enable: 0, paired out_enable: 0
[+8.059] I (8224) I2S_IF: STD: TX, data_bit: 16, slot_bit: 16, ws_width: 16, slot_mode: MONO, slot_mask: 0x1
[+8.059] I (8224) I2S_IF: STD: TX, sample_rate_hz: 24000, mclk_multiple: 256, clk_src: 6
[+8.075] I (8244) Adev_Codec: Open codec device OK
[+8.077] I (8244) AudioCodec: Set output enable to true
[+8.080] I (8254) AudioService: Resampling audio from 16000 to 24000
[+8.379] I (8554) wifi:[+8.380] state: auth -> assoc (0x0)[+8.380] 
[+8.389] I (8554) wifi:[+8.389] state: assoc -> run (0x10)[+8.389] 
[+8.429] I (8594) wifi:[+8.429] connected with Zikkoy, aid = 1, channel 11, 40D, bssid = 5c:7d:ae:fb:6c:60[+8.430] 
[+8.430] I (8604) wifi:[+8.430] security: WPA3-SAE H2E, phy: bgn, rssi: -12, cipher(pairwise:0x3, group:0x3), pmf:1[+8.431] 
[+8.432] I (8604) wifi:[+8.432] pm start, type: 1
[+8.432] 
[+8.432] I (8604) wifi:[+8.432] dp: 1, bi: 102400, li: 10, scale listen interval from 1024000 us to 1024000 us[+8.432] 
[+8.432] I (8604) wifi:[+8.432] set rx beacon pti, rx_bcn_pti: 14, bcn_timeout: 25000, mt_pti: 14, mt_time: 10000[+8.433] 
[+8.434] I (8604) wifi:[+8.434] AP's beacon interval = 102400 us, DTIM period = 1[+8.434] 
[+8.539] I (8714) Application: PlayUiSound (zu bytes)
[+9.449] I (9624) esp_netif_handlers: sta ip: 192.168.0.152, mask: 255.255.255.0, gw: 192.168.0.1
[+9.451] I (9624) WifiStation: Got IP: 192.168.0.152
[+9.452] I (9624) BleServer: BLE already running, skip start
[+9.452] I (9624) WifiBoard: Connected to WiFi: Zikkoy
[+9.595] I (9764) AttitudeDisplay: DebugInfoCard shown: title=通知 hidden=0 card_hidden=0
[+9.596] I (9764) AttitudeDisplay: DebugInfo: 通知 | 已连接 Zikkoy (hold=10000ms builtin_font=1)
[+9.919] I (10094) Application: PlayUiSound (zu bytes)
==== xiaozhi boot log, uptime=3.942s, sdk=v5.5.4 ====
[+3.945] I (4114) SdCardLog: SD card log redirect started, file=/sdcard/xiaozhi_boot_3.log
[+3.946] I (4114) SdCardLog:   log history: /sdcard/xiaozhi_boot_3.log
[+3.962] I (4134) waveshare_lcd_1_85: 启动日志已重定向到 TF 卡: /sdcard/xiaozhi_boot_3.log
[+4.650] I (4824) WifiStation: Found AP: Zikkoy, BSSID: 5c:7d:ae:fb:6c:60, RSSI: -11, Channel: 11, Authmode: 7
[+4.651] I (4824) WifiBoard: WiFi connecting to Zikkoy
[+4.766] W (4934) wifi:[+4.766] Password length matches WPA2 standards, authmode threshold changes from OPEN to WPA2[+4.768] 
[+5.983] I (6154) wifi:[+5.983] new:<11,2>, old:<1,0>, ap:<255,255>, sta:<11,2>, prof:1, snd_ch_cfg:0x0[+5.984] 
[+5.984] I (6154) wifi:[+5.984] state: init -> auth (0xb0)[+5.984] 
[+6.571] I (6744) wifi:[+6.571] state: auth -> assoc (0x0)[+6.571] 
[+6.576] I (6744) wifi:[+6.576] Association refused temporarily time 1000, comeback time 1100 (TUs)[+6.576] 
[+7.244] I (7414) WifiBoard: BLE delayed start timer fired, starting BLE now...
[+7.245] I (7414) BleServer: ===== BLE Initialization Start (async task) =====
[+7.246] I (7414) BleServer:   OK: BLE start task created, initialization will run asynchronously
[+7.247] I (7414) BLE_INIT: Feature Config, ADV:1, BLE_50:1, DTM:1, SCAN:1, CCA:0, SMP:1, CONNECT:1
[+7.247] I (7414) BLE_INIT: Bluetooth MAC: a0:f2:62:e4:3a:42
[+7.248] I (7414) BleServer:   OK: BT controller initialized
[+7.248] I (7414) BleServer: [2/7] Enabling BLE controller mode...
[+7.249] I (7424) BleServer:   OK: BLE controller enabled
[+7.250] I (7424) BleServer: [3/7] Initializing NimBLE host stack...
[+7.252] I (7424) BleServer:   OK: NimBLE host initialized
[+7.252] I (7424) BleServer: [4/7] Configuring NimBLE host callbacks...
[+7.252] I (7424) BleServer:   OK: Host callbacks configured (reset_cb, sync_cb)
[+7.253] I (7424) BleServer: [5/7] Registering GATT services...
[+7.253] I (7424) BleServer:   OK: GATT services registered (1 primary service, 1 characteristic)
[+7.253] I (7424) BleServer: [6/7] Initializing GAP/GATT services and store...
[+7.254] I (7424) BleServer:   OK: GAP/GATT/Store initialized
[+7.255] I (7424) BleServer: [7/7] Starting NimBLE host task...
[+7.255] I (7424) BleServer: NimBLE host task started
[+7.257] I (7424) BleServer: NimBLE host synchronized, configuring device...
[+7.257] I (7424) BleServer:   OK: BLE address ensured
[+7.257] I (7424) BleServer:   OK: Device name set to 'Xiaozhi-Compass'
[+7.257] I (7424) BleServer:   Starting advertising...
[+7.258] I (7424) BleServer: Configuring advertising data...
[+7.258] I (7424) BleServer:   OK: Adv fields set (name=Xiaozhi-Compass, flags only)
[+7.259] I (7434) BleServer: Starting advertising (undirected, general discoverable)...
[+7.260] I (7434) NimBLE: GAP procedure initiated: advertise; 
[+7.260] I (7434) NimBLE: disc_mode=2
[+7.260] I (7434) NimBLE:  adv_channel_map=7 own_addr_type=0 adv_filter_policy=0 adv_itvl_min=160 adv_itvl_max=240
[+7.260] I (7434) NimBLE: 

[+7.261] I (7434) BleServer:   OK: Advertising started successfully!
[+7.261] I (7434) BleServer:   Device: Xiaozhi-Compass (public address)
[+7.263] I (7434) BleServer:   Mode: General Discoverable, Connectable
[+7.263] I (7434) BleServer: OnSync complete - BLE is now discoverable
[+7.703] I (7874) wifi:[+7.703] state: assoc -> auth (0xb0)[+7.703] 
[+7.998] I (8164) SdCardLogHttp:   OK: Config ready (max_uri_handlers=30, stack_size=20480, timeout=10s)
[+7.998] I (8164) SdCardLogHttp: [3/5] Initializing display request queue...
[+7.998] I (8164) SdCardLogHttp: Display request queue + timer initialized (queue=4 slots, timer=50ms)
[+8.000] I (8174) SdCardLogHttp:   OK: Display request queue ready
[+8.000] I (8174) SdCardLogHttp: [4/5] Starting HTTP server...
[+8.001] I (8174) SdCardLogHttp:   OK: Server started on port 8080
[+8.001] I (8174) SdCardLogHttp: [5/5] Registering URI handlers...
[+8.001] I (8174) SdCardLogHttp:   [GET] /  -> Web UI
[+8.002] I (8174) SdCardLogHttp:   OK: 29 URI handlers registered
[+8.003] I (8174) SdCardLogHttp: ===== HTTP Server Ready =====
[+8.003] I (8174) SdCardLogHttp:   Port: 8080
[+8.004] I (8174) SdCardLogHttp:   Mount: /sdcard
[+8.005] I (8174) SdCardLogHttp:   Handlers: 29
[+8.005] I (8174) Application: HTTP server start called
[+8.005] I (8174) Application: PlayUiSound (zu bytes)
[+8.005] I (8174) I2S_IF: Paired data: 0x3fce9294, current mode: playback, paired in_enable: 0, paired out_enable: 0
[+8.006] I (8174) I2S_IF: STD: TX, data_bit: 16, slot_bit: 16, ws_width: 16, slot_mode: MONO, slot_mask: 0x1
[+8.007] I (8174) I2S_IF: STD: TX, sample_rate_hz: 24000, mclk_multiple: 256, clk_src: 6
[+8.025] I (8194) Adev_Codec: Open codec device OK
[+8.025] I (8194) AudioCodec: Set output enable to true
[+8.030] I (8204) AudioService: Resampling audio from 16000 to 24000
[+8.296] I (8464) wifi:[+8.297] state: auth -> assoc (0x0)[+8.297] 
[+8.314] I (8484) wifi:[+8.314] state: assoc -> run (0x10)[+8.314] 
[+8.341] I (8514) wifi:[+8.341] connected with Zikkoy, aid = 1, channel 11, 40D, bssid = 5c:7d:ae:fb:6c:60[+8.341] 
[+8.342] I (8514) wifi:[+8.342] security: WPA3-SAE H2E, phy: bgn, rssi: -11, cipher(pairwise:0x3, group:0x3), pmf:1[+8.343] 
[+8.344] I (8514) wifi:[+8.344] pm start, type: 1
[+8.344] 
[+8.344] I (8514) wifi:[+8.344] dp: 1, bi: 102400, li: 10, scale listen interval from 1024000 us to 1024000 us[+8.344] 
[+8.344] I (8514) wifi:[+8.344] set rx beacon pti, rx_bcn_pti: 14, bcn_timeout: 25000, mt_pti: 14, mt_time: 10000[+8.345] 
[+8.367] I (8534) wifi:[+8.367] AP's beacon interval = 102400 us, DTIM period = 1[+8.367] 
[+8.471] I (8644) wifi:[+8.471] [ADDBA]RX DELBA, reason:39, delete tid:0, initiator:1(originator)[+8.473] 
[+8.474] I (8644) wifi:[+8.474] <ba-add>idx:0 (ifx:0, 5c:7d:ae:fb:6c:60), tid:0, ssn:2, winSize:64[+8.474] 
[+8.488] I (8654) Application: PlayUiSound (zu bytes)
[+9.828] I (9994) Application: PlayUiSound (zu bytes)
[+9.889] I (10064) esp_netif_handlers: sta ip: 192.168.0.152, mask: 255.255.255.0, gw: 192.168.0.1
[+9.890] I (10064) WifiStation: Got IP: 192.168.0.152
[+9.890] I (10064) BleServer: BLE already running, skip start
[+9.890] I (10064) WifiBoard: Connected to WiFi: Zikkoy
[+9.924] I (10094) AttitudeDisplay: DebugInfoCard shown: title=通知 hidden=0 card_hidden=0
[+9.925] I (10094) AttitudeDisplay: DebugInfo: 通知 | 已连接 Zikkoy (hold=10000ms builtin_font=1)
[+11.920] I (12094) AttitudeDisplay: WiFi fisheye status -> 1
==== xiaozhi boot log, uptime=3.942s, sdk=v5.5.4 ====
[+3.943] I (4114) SdCardLog: SD card log redirect started, file=/sdcard/xiaozhi_boot_3.log
[+3.944] I (4114) SdCardLog:   log history: /sdcard/xiaozhi_boot_3.log
[+3.959] I (4134) waveshare_lcd_1_85: 启动日志已重定向到 TF 卡: /sdcard/xiaozhi_boot_3.log
[+4.649] I (4814) WifiStation: Found AP: Zikkoy, BSSID: 5c:7d:ae:fb:6c:60, RSSI: -9, Channel: 11, Authmode: 7
[+4.650] I (4824) WifiBoard: WiFi connecting to Zikkoy
[+4.766] W (4934) wifi:[+4.766] Password length matches WPA2 standards, authmode threshold changes from OPEN to WPA2[+4.766] 
[+5.982] I (6154) wifi:[+5.982] new:<11,2>, old:<1,0>, ap:<255,255>, sta:<11,2>, prof:1, snd_ch_cfg:0x0[+5.982] 
[+5.982] I (6154) wifi:[+5.984] state: init -> auth (0xb0)[+5.984] 
[+6.581] I (6754) wifi:[+6.581] state: auth -> assoc (0x0)[+6.581] 
[+6.586] I (6754) wifi:[+6.586] Association refused temporarily time 1000, comeback time 1100 (TUs)[+6.586] 
[+7.243] I (7414) WifiBoard: BLE delayed start timer fired, starting BLE now...
[+7.243] I (7414) BleServer: ===== BLE Initialization Start (async task) =====
[+7.243] I (7414) BleServer:   OK: BLE start task created, initialization will run asynchronously
[+7.244] I (7414) BLE_INIT: Feature Config, ADV:1, BLE_50:1, DTM:1, SCAN:1, CCA:0, SMP:1, CONNECT:1
[+7.247] I (7414) BLE_INIT: Bluetooth MAC: a0:f2:62:e4:3a:42
[+7.247] I (7414) BleServer:   OK: BT controller initialized
[+7.248] I (7414) BleServer: [2/7] Enabling BLE controller mode...
[+7.249] I (7414) BleServer:   OK: BLE controller enabled
[+7.249] I (7414) BleServer: [3/7] Initializing NimBLE host stack...
[+7.250] I (7424) BleServer:   OK: NimBLE host initialized
[+7.250] I (7424) BleServer: [4/7] Configuring NimBLE host callbacks...
[+7.252] I (7424) BleServer:   OK: Host callbacks configured (reset_cb, sync_cb)
[+7.252] I (7424) BleServer: [5/7] Registering GATT services...
[+7.252] I (7424) BleServer:   OK: GATT services registered (1 primary service, 1 characteristic)
[+7.252] I (7424) BleServer: [6/7] Initializing GAP/GATT services and store...
[+7.253] I (7424) BleServer:   OK: GAP/GATT/Store initialized
[+7.253] I (7424) BleServer: [7/7] Starting NimBLE host task...
[+7.253] I (7424) BleServer: NimBLE host task started
[+7.255] I (7424) BleServer: NimBLE host synchronized, configuring device...
[+7.257] I (7424) BleServer:   OK: BLE address ensured
[+7.257] I (7424) BleServer:   OK: Device name set to 'Xiaozhi-Compass'
[+7.257] I (7424) BleServer:   Starting advertising...
[+7.258] I (7424) BleServer: Configuring advertising data...
[+7.258] I (7424) BleServer:   OK: Adv fields set (name=Xiaozhi-Compass, flags only)
[+7.258] I (7424) BleServer: Starting advertising (undirected, general discoverable)...
[+7.259] I (7424) NimBLE: GAP procedure initiated: advertise; 
[+7.260] I (7434) NimBLE: disc_mode=2
[+7.260] I (7434) NimBLE:  adv_channel_map=7 own_addr_type=0 adv_filter_policy=0 adv_itvl_min=160 adv_itvl_max=240
[+7.261] I (7434) NimBLE: 

[+7.262] I (7434) BleServer:   OK: Advertising started successfully!
[+7.262] I (7434) BleServer:   Device: Xiaozhi-Compass (public address)
[+7.262] I (7434) BleServer:   Mode: General Discoverable, Connectable
[+7.262] I (7434) BleServer: OnSync complete - BLE is now discoverable
[+7.713] I (7884) wifi:[+7.715] state: assoc -> auth (0xb0)[+7.715] 
[+8.035] I (8204) SdCardLogHttp:   OK: Server started on port 8080
[+8.035] I (8204) SdCardLogHttp: [5/5] Registering URI handlers...
[+8.036] I (8204) SdCardLogHttp:   [GET] /  -> Web UI
[+8.037] I (8204) SdCardLogHttp:   OK: 29 URI handlers registered
[+8.037] I (8204) SdCardLogHttp: ===== HTTP Server Ready =====
[+8.037] I (8204) SdCardLogHttp:   Port: 8080
[+8.037] I (8204) SdCardLogHttp:   Mount: /sdcard
[+8.037] I (8204) SdCardLogHttp:   Handlers: 29
[+8.038] I (8204) Application: HTTP server start called
[+8.039] I (8204) Application: PlayUiSound (zu bytes)
[+8.039] I (8204) I2S_IF: Paired data: 0x3fce9294, current mode: playback, paired in_enable: 0, paired out_enable: 0
[+8.039] I (8214) I2S_IF: STD: TX, data_bit: 16, slot_bit: 16, ws_width: 16, slot_mode: MONO, slot_mask: 0x1
[+8.040] I (8214) I2S_IF: STD: TX, sample_rate_hz: 24000, mclk_multiple: 256, clk_src: 6
[+8.056] I (8224) Adev_Codec: Open codec device OK
[+8.056] I (8224) AudioCodec: Set output enable to true
[+8.062] I (8234) AudioService: Resampling audio from 16000 to 24000
[+8.336] I (8504) wifi:[+8.336] state: auth -> assoc (0x0)[+8.336] 
[+8.353] I (8524) wifi:[+8.354] state: assoc -> run (0x10)[+8.354] 
[+8.381] I (8554) wifi:[+8.381] connected with Zikkoy, aid = 1, channel 11, 40D, bssid = 5c:7d:ae:fb:6c:60[+8.382] 
[+8.382] I (8554) wifi:[+8.382] security: WPA3-SAE H2E, phy: bgn, rssi: -10, cipher(pairwise:0x3, group:0x3), pmf:1[+8.382] 
[+8.382] I (8554) wifi:[+8.383] pm start, type: 1
[+8.384] 
[+8.384] I (8554) wifi:[+8.384] dp: 1, bi: 102400, li: 10, scale listen interval from 1024000 us to 1024000 us[+8.385] 
[+8.385] I (8554) wifi:[+8.385] set rx beacon pti, rx_bcn_pti: 14, bcn_timeout: 25000, mt_pti: 14, mt_time: 10000[+8.385] 
[+8.412] I (8584) wifi:[+8.413] AP's beacon interval = 102400 us, DTIM period = 1[+8.413] 
[+8.520] I (8694) Application: PlayUiSound (zu bytes)
[+9.399] I (9574) esp_netif_handlers: sta ip: 192.168.0.152, mask: 255.255.255.0, gw: 192.168.0.1
[+9.400] I (9574) WifiStation: Got IP: 192.168.0.152
[+9.402] I (9574) BleServer: BLE already running, skip start
[+9.402] I (9574) WifiBoard: Connected to WiFi: Zikkoy
[+9.434] I (9604) AttitudeDisplay: DebugInfoCard shown: title=通知 hidden=0 card_hidden=0
[+9.434] I (9604) AttitudeDisplay: DebugInfo: 通知 | 已连接 Zikkoy (hold=10000ms builtin_font=1)
[+9.860] I (10034) Application: PlayUiSound (zu bytes)
[+11.888] I (12054) AttitudeDisplay: WiFi fisheye status -> 1
==== xiaozhi boot log, uptime=3.942s, sdk=v5.5.4 ====
[+3.944] I (4114) SdCardLog: SD card log redirect started, file=/sdcard/xiaozhi_boot_3.log
[+3.945] I (4114) SdCardLog:   log history: /sdcard/xiaozhi_boot_3.log
[+3.961] I (4134) waveshare_lcd_1_85: 启动日志已重定向到 TF 卡: /sdcard/xiaozhi_boot_3.log
[+4.646] I (4814) WifiStation: Found AP: Zikkoy, BSSID: 5c:7d:ae:fb:6c:60, RSSI: -11, Channel: 11, Authmode: 7
[+4.647] I (4814) WifiBoard: WiFi connecting to Zikkoy
[+4.765] W (4934) wifi:[+4.765] Password length matches WPA2 standards, authmode threshold changes from OPEN to WPA2[+4.767] 
[+5.982] I (6154) wifi:[+5.982] new:<11,2>, old:<1,0>, ap:<255,255>, sta:<11,2>, prof:1, snd_ch_cfg:0x0[+5.983] 
[+5.983] I (6154) wifi:[+5.983] state: init -> auth (0xb0)[+5.983] 
[+6.591] I (6764) wifi:[+6.591] state: auth -> assoc (0x0)[+6.592] 
[+6.597] I (6764) wifi:[+6.597] Association refused temporarily time 1000, comeback time 1100 (TUs)[+6.597] 
[+7.241] I (7414) WifiBoard: BLE delayed start timer fired, starting BLE now...
[+7.242] I (7414) BleServer: ===== BLE Initialization Start (async task) =====
[+7.243] I (7414) BleServer:   OK: BLE start task created, initialization will run asynchronously
[+7.244] I (7414) BLE_INIT: Feature Config, ADV:1, BLE_50:1, DTM:1, SCAN:1, CCA:0, SMP:1, CONNECT:1
[+7.244] I (7414) BLE_INIT: Bluetooth MAC: a0:f2:62:e4:3a:42
[+7.245] I (7414) BleServer:   OK: BT controller initialized
[+7.245] I (7414) BleServer: [2/7] Enabling BLE controller mode...
[+7.247] I (7414) BleServer:   OK: BLE controller enabled
[+7.247] I (7414) BleServer: [3/7] Initializing NimBLE host stack...
[+7.250] I (7424) BleServer:   OK: NimBLE host initialized
[+7.250] I (7424) BleServer: [4/7] Configuring NimBLE host callbacks...
[+7.250] I (7424) BleServer:   OK: Host callbacks configured (reset_cb, sync_cb)
[+7.251] I (7424) BleServer: [5/7] Registering GATT services...
[+7.251] I (7424) BleServer:   OK: GATT services registered (1 primary service, 1 characteristic)
[+7.251] I (7424) BleServer: [6/7] Initializing GAP/GATT services and store...
[+7.252] I (7424) BleServer:   OK: GAP/GATT/Store initialized
[+7.253] I (7424) BleServer: [7/7] Starting NimBLE host task...
[+7.253] I (7424) BleServer: NimBLE host task started
[+7.255] I (7424) BleServer: NimBLE host synchronized, configuring device...
[+7.256] I (7424) BleServer:   OK: BLE address ensured
[+7.256] I (7424) BleServer:   OK: Device name set to 'Xiaozhi-Compass'
[+7.256] I (7424) BleServer:   Starting advertising...
[+7.256] I (7424) BleServer: Configuring advertising data...
[+7.257] I (7424) BleServer:   OK: Adv fields set (name=Xiaozhi-Compass, flags only)
[+7.258] I (7424) BleServer: Starting advertising (undirected, general discoverable)...
[+7.259] I (7424) NimBLE: GAP procedure initiated: advertise; 
[+7.259] I (7424) NimBLE: disc_mode=2
[+7.259] I (7434) NimBLE:  adv_channel_map=7 own_addr_type=0 adv_filter_policy=0 adv_itvl_min=160 adv_itvl_max=240
[+7.259] I (7434) NimBLE: 

[+7.260] I (7434) BleServer:   OK: Advertising started successfully!
[+7.261] I (7434) BleServer:   Device: Xiaozhi-Compass (public address)
[+7.262] I (7434) BleServer:   Mode: General Discoverable, Connectable
[+7.263] I (7434) BleServer: OnSync complete - BLE is now discoverable
[+7.724] I (7894) wifi:[+7.724] state: assoc -> auth (0xb0)[+7.724] 
[+8.036] I (8204) SdCardLogHttp:   OK: Config ready (max_uri_handlers=30, stack_size=20480, timeout=10s)
[+8.037] I (8204) SdCardLogHttp: [3/5] Initializing display request queue...
[+8.037] I (8204) SdCardLogHttp: Display request queue + timer initialized (queue=4 slots, timer=50ms)
[+8.038] I (8204) SdCardLogHttp:   OK: Display request queue ready
[+8.038] I (8204) SdCardLogHttp: [4/5] Starting HTTP server...
[+8.039] I (8214) SdCardLogHttp:   OK: Server started on port 8080
[+8.040] I (8214) SdCardLogHttp: [5/5] Registering URI handlers...
[+8.040] I (8214) SdCardLogHttp:   [GET] /  -> Web UI
[+8.041] I (8214) SdCardLogHttp:   OK: 29 URI handlers registered
[+8.041] I (8214) SdCardLogHttp: ===== HTTP Server Ready =====
[+8.041] I (8214) SdCardLogHttp:   Port: 8080
[+8.042] I (8214) SdCardLogHttp:   Mount: /sdcard
[+8.043] I (8214) SdCardLogHttp:   Handlers: 29
[+8.043] I (8214) Application: HTTP server start called
[+8.043] I (8214) Application: PlayUiSound (zu bytes)
[+8.043] I (8214) I2S_IF: Paired data: 0x3fce9294, current mode: playback, paired in_enable: 0, paired out_enable: 0
[+8.044] I (8214) I2S_IF: STD: TX, data_bit: 16, slot_bit: 16, ws_width: 16, slot_mode: MONO, slot_mask: 0x1
[+8.044] I (8214) I2S_IF: STD: TX, sample_rate_hz: 24000, mclk_multiple: 256, clk_src: 6
[+8.061] I (8234) Adev_Codec: Open codec device OK
[+8.062] I (8234) AudioCodec: Set output enable to true
[+8.066] I (8234) AudioService: Resampling audio from 16000 to 24000
[+8.347] I (8514) wifi:[+8.347] state: auth -> assoc (0x0)[+8.348] 
[+8.366] I (8534) wifi:[+8.367] state: assoc -> run (0x10)[+8.367] 
[+8.396] I (8564) wifi:[+8.396] connected with Zikkoy, aid = 1, channel 11, 40D, bssid = 5c:7d:ae:fb:6c:60[+8.396] 
[+8.397] I (8564) wifi:[+8.397] security: WPA3-SAE H2E, phy: bgn, rssi: -11, cipher(pairwise:0x3, group:0x3), pmf:1[+8.398] 
[+8.399] I (8564) wifi:[+8.399] pm start, type: 1
[+8.399] 
[+8.399] I (8564) wifi:[+8.399] dp: 1, bi: 102400, li: 10, scale listen interval from 1024000 us to 1024000 us[+8.399] 
[+8.399] I (8574) wifi:[+8.399] set rx beacon pti, rx_bcn_pti: 14, bcn_timeout: 25000, mt_pti: 14, mt_time: 10000[+8.399] 
[+8.490] I (8664) wifi:[+8.490] AP's beacon interval = 102400 us, DTIM period = 1[+8.491] 
[+8.526] I (8694) Application: PlayUiSound (zu bytes)
[+9.866] I (10034) Application: PlayUiSound (zu bytes)
[+9.919] I (10094) esp_netif_handlers: sta ip: 192.168.0.152, mask: 255.255.255.0, gw: 192.168.0.1
[+9.920] I (10094) WifiStation: Got IP: 192.168.0.152
[+9.920] I (10094) BleServer: BLE already running, skip start
[+9.920] I (10094) WifiBoard: Connected to WiFi: Zikkoy
[+10.030] I (10204) AttitudeDisplay: DebugInfoCard shown: title=通知 hidden=0 card_hidden=0
[+10.031] I (10204) AttitudeDisplay: DebugInfo: 通知 | 已连接 Zikkoy (hold=10000ms builtin_font=1)
==== xiaozhi boot log, uptime=3.942s, sdk=v5.5.4 ====
[+3.943] I (4114) SdCardLog: SD card log redirect started, file=/sdcard/xiaozhi_boot_3.log
[+3.944] I (4114) SdCardLog:   log history: /sdcard/xiaozhi_boot_3.log
[+3.960] I (4134) waveshare_lcd_1_85: 启动日志已重定向到 TF 卡: /sdcard/xiaozhi_boot_3.log
[+4.669] I (4834) WifiStation: Found AP: Zikkoy, BSSID: 5c:7d:ae:fb:6c:60, RSSI: -10, Channel: 11, Authmode: 7
[+4.670] I (4844) WifiBoard: WiFi connecting to Zikkoy
[+4.765] W (4934) wifi:[+4.768] Password length matches WPA2 standards, authmode threshold changes from OPEN to WPA2[+4.769] 
[+5.983] I (6154) wifi:[+5.984] new:<11,2>, old:<1,0>, ap:<255,255>, sta:<11,2>, prof:1, snd_ch_cfg:0x0[+5.984] 
[+5.984] I (6154) wifi:[+5.984] state: init -> auth (0xb0)[+5.984] 
[+6.584] I (6754) wifi:[+6.584] state: auth -> assoc (0x0)[+6.584] 
[+6.590] I (6764) wifi:[+6.591] Association refused temporarily time 1000, comeback time 1100 (TUs)[+6.591] 
[+7.260] I (7434) WifiBoard: BLE delayed start timer fired, starting BLE now...
[+7.262] I (7434) BleServer: ===== BLE Initialization Start (async task) =====
[+7.262] I (7434) BleServer:   OK: BLE start task created, initialization will run asynchronously
[+7.263] I (7434) BLE_INIT: Feature Config, ADV:1, BLE_50:1, DTM:1, SCAN:1, CCA:0, SMP:1, CONNECT:1
[+7.264] I (7434) BLE_INIT: Bluetooth MAC: a0:f2:62:e4:3a:42
[+7.264] I (7434) BleServer:   OK: BT controller initialized
[+7.265] I (7434) BleServer: [2/7] Enabling BLE controller mode...
[+7.266] I (7434) BleServer:   OK: BLE controller enabled
[+7.267] I (7434) BleServer: [3/7] Initializing NimBLE host stack...
[+7.269] I (7434) BleServer:   OK: NimBLE host initialized
[+7.269] I (7434) BleServer: [4/7] Configuring NimBLE host callbacks...
[+7.269] I (7444) BleServer:   OK: Host callbacks configured (reset_cb, sync_cb)
[+7.269] I (7444) BleServer: [5/7] Registering GATT services...
[+7.270] I (7444) BleServer:   OK: GATT services registered (1 primary service, 1 characteristic)
[+7.270] I (7444) BleServer: [6/7] Initializing GAP/GATT services and store...
[+7.271] I (7444) BleServer:   OK: GAP/GATT/Store initialized
[+7.271] I (7444) BleServer: [7/7] Starting NimBLE host task...
[+7.272] I (7444) BleServer: NimBLE host task started
[+7.274] I (7444) BleServer: NimBLE host synchronized, configuring device...
[+7.274] I (7444) BleServer:   OK: BLE address ensured
[+7.274] I (7444) BleServer:   OK: Device name set to 'Xiaozhi-Compass'
[+7.274] I (7444) BleServer:   Starting advertising...
[+7.275] I (7444) BleServer: Configuring advertising data...
[+7.276] I (7444) BleServer:   OK: Adv fields set (name=Xiaozhi-Compass, flags only)
[+7.277] I (7444) BleServer: Starting advertising (undirected, general discoverable)...
[+7.277] I (7444) NimBLE: GAP procedure initiated: advertise; 
[+7.277] I (7444) NimBLE: disc_mode=2
[+7.277] I (7444) NimBLE:  adv_channel_map=7 own_addr_type=0 adv_filter_policy=0 adv_itvl_min=160 adv_itvl_max=240
[+7.278] I (7444) NimBLE: 

[+7.279] I (7444) BleServer:   OK: Advertising started successfully!
[+7.281] I (7454) BleServer:   Device: Xiaozhi-Compass (public address)
[+7.281] I (7454) BleServer:   Mode: General Discoverable, Connectable
[+7.281] I (7454) BleServer: OnSync complete - BLE is now discoverable
[+7.717] I (7884) wifi:[+7.718] state: assoc -> auth (0xb0)[+7.718] 
[+8.033] I (8204) SdCardLogHttp:   OK: Config ready (max_uri_handlers=30, stack_size=20480, timeout=10s)
[+8.033] I (8204) SdCardLogHttp: [3/5] Initializing display request queue...
[+8.034] I (8204) SdCardLogHttp: Display request queue + timer initialized (queue=4 slots, timer=50ms)
[+8.035] I (8204) SdCardLogHttp:   OK: Display request queue ready
[+8.035] I (8204) SdCardLogHttp: [4/5] Starting HTTP server...
[+8.037] I (8204) SdCardLogHttp:   OK: Server started on port 8080
[+8.037] I (8204) SdCardLogHttp: [5/5] Registering URI handlers...
[+8.037] I (8204) SdCardLogHttp:   [GET] /  -> Web UI
[+8.038] I (8204) SdCardLogHttp:   OK: 29 URI handlers registered
[+8.038] I (8204) SdCardLogHttp: ===== HTTP Server Ready =====
[+8.040] I (8214) SdCardLogHttp:   Port: 8080
[+8.040] I (8214) SdCardLogHttp:   Mount: /sdcard
[+8.040] I (8214) SdCardLogHttp:   Handlers: 29
[+8.040] I (8214) Application: HTTP server start called
[+8.040] I (8214) Application: PlayUiSound (zu bytes)
[+8.041] I (8214) I2S_IF: Paired data: 0x3fce9294, current mode: playback, paired in_enable: 0, paired out_enable: 0
[+8.041] I (8214) I2S_IF: STD: TX, data_bit: 16, slot_bit: 16, ws_width: 16, slot_mode: MONO, slot_mask: 0x1
[+8.041] I (8214) I2S_IF: STD: TX, sample_rate_hz: 24000, mclk_multiple: 256, clk_src: 6
[+8.059] I (8224) Adev_Codec: Open codec device OK
[+8.059] I (8234) AudioCodec: Set output enable to true
[+8.064] I (8234) AudioService: Resampling audio from 16000 to 24000
[+8.322] I (8494) wifi:[+8.322] state: auth -> assoc (0x0)[+8.322] 
[+8.348] I (8514) wifi:[+8.348] state: assoc -> run (0x10)[+8.349] 
[+8.371] I (8544) wifi:[+8.371] connected with Zikkoy, aid = 1, channel 11, 40D, bssid = 5c:7d:ae:fb:6c:60[+8.371] 
[+8.372] I (8544) wifi:[+8.373] security: WPA3-SAE H2E, phy: bgn, rssi: -11, cipher(pairwise:0x3, group:0x3), pmf:1[+8.373] 
[+8.374] I (8544) wifi:[+8.374] pm start, type: 1
[+8.374] 
[+8.374] I (8544) wifi:[+8.374] dp: 1, bi: 102400, li: 10, scale listen interval from 1024000 us to 1024000 us[+8.375] 
[+8.375] I (8544) wifi:[+8.375] set rx beacon pti, rx_bcn_pti: 14, bcn_timeout: 25000, mt_pti: 14, mt_time: 10000[+8.375] 
[+8.470] I (8644) wifi:[+8.470] AP's beacon interval = 102400 us, DTIM period = 1[+8.470] 
[+8.523] I (8694) Application: PlayUiSound (zu bytes)
[+9.863] I (10034) Application: PlayUiSound (zu bytes)
[+9.900] I (10074) esp_netif_handlers: sta ip: 192.168.0.152, mask: 255.255.255.0, gw: 192.168.0.1
[+9.900] I (10074) WifiStation: Got IP: 192.168.0.152
[+9.901] I (10074) BleServer: BLE already running, skip start
[+9.901] I (10074) WifiBoard: Connected to WiFi: Zikkoy
[+10.051] I (10224) AttitudeDisplay: DebugInfoCard shown: title=通知 hidden=0 card_hidden=0
[+10.052] I (10224) AttitudeDisplay: DebugInfo: 通知 | 已连接 Zikkoy (hold=10000ms builtin_font=1)
==== xiaozhi boot log, uptime=3.932s, sdk=v5.5.4 ====
[+3.933] I (4099) SdCardLog: SD card log redirect started, file=/sdcard/xiaozhi_boot_3.log
[+3.934] I (4099) SdCardLog:   log history: /sdcard/xiaozhi_boot_3.log
[+3.950] I (4119) waveshare_lcd_1_85: 启动日志已重定向到 TF 卡: /sdcard/xiaozhi_boot_3.log
[+4.636] I (4799) WifiStation: Found AP: Zikkoy, BSSID: 5c:7d:ae:fb:6c:60, RSSI: -11, Channel: 11, Authmode: 7
[+4.636] I (4799) WifiBoard: WiFi connecting to Zikkoy
[+4.755] W (4919) wifi:[+4.755] Password length matches WPA2 standards, authmode threshold changes from OPEN to WPA2[+4.756] 
[+5.971] I (6139) wifi:[+5.971] new:<11,2>, old:<1,0>, ap:<255,255>, sta:<11,2>, prof:1, snd_ch_cfg:0x0[+5.971] 
[+5.972] I (6139) wifi:[+5.972] state: init -> auth (0xb0)[+5.972] 
[+6.579] I (6749) wifi:[+6.580] state: auth -> assoc (0x0)[+6.580] 
[+6.585] I (6749) wifi:[+6.585] Association refused temporarily time 1000, comeback time 1100 (TUs)[+6.585] 
[+7.230] I (7399) WifiBoard: BLE delayed start timer fired, starting BLE now...
[+7.232] I (7399) BleServer: ===== BLE Initialization Start (async task) =====
[+7.232] I (7399) BleServer:   OK: BLE start task created, initialization will run asynchronously
[+7.233] I (7399) BLE_INIT: Feature Config, ADV:1, BLE_50:1, DTM:1, SCAN:1, CCA:0, SMP:1, CONNECT:1
[+7.233] I (7399) BLE_INIT: Bluetooth MAC: a0:f2:62:e4:3a:42
[+7.234] I (7399) BleServer:   OK: BT controller initialized
[+7.234] I (7399) BleServer: [2/7] Enabling BLE controller mode...
[+7.237] I (7399) BleServer:   OK: BLE controller enabled
[+7.238] I (7399) BleServer: [3/7] Initializing NimBLE host stack...
[+7.239] I (7409) BleServer:   OK: NimBLE host initialized
[+7.239] I (7409) BleServer: [4/7] Configuring NimBLE host callbacks...
[+7.240] I (7409) BleServer:   OK: Host callbacks configured (reset_cb, sync_cb)
[+7.240] I (7409) BleServer: [5/7] Registering GATT services...
[+7.240] I (7409) BleServer:   OK: GATT services registered (1 primary service, 1 characteristic)
[+7.242] I (7409) BleServer: [6/7] Initializing GAP/GATT services and store...
[+7.242] I (7409) BleServer:   OK: GAP/GATT/Store initialized
[+7.242] I (7409) BleServer: [7/7] Starting NimBLE host task...
[+7.242] I (7409) BleServer: NimBLE host task started
[+7.246] I (7409) BleServer: NimBLE host synchronized, configuring device...
[+7.246] I (7409) BleServer:   OK: BLE address ensured
[+7.246] I (7409) BleServer:   OK: Device name set to 'Xiaozhi-Compass'
[+7.247] I (7409) BleServer:   Starting advertising...
[+7.248] I (7409) BleServer: Configuring advertising data...
[+7.249] I (7409) BleServer:   OK: Adv fields set (name=Xiaozhi-Compass, flags only)
[+7.249] I (7409) BleServer: Starting advertising (undirected, general discoverable)...
[+7.249] I (7419) NimBLE: GAP procedure initiated: advertise; 
[+7.249] I (7419) NimBLE: disc_mode=2
[+7.250] I (7419) NimBLE:  adv_channel_map=7 own_addr_type=0 adv_filter_policy=0 adv_itvl_min=160 adv_itvl_max=240
[+7.250] I (7419) NimBLE: 

[+7.251] I (7419) BleServer:   OK: Advertising started successfully!
[+7.253] I (7419) BleServer:   Device: Xiaozhi-Compass (public address)
[+7.253] I (7419) BleServer:   Mode: General Discoverable, Connectable
[+7.253] I (7419) BleServer: OnSync complete - BLE is now discoverable
[+7.712] I (7879) wifi:[+7.712] state: assoc -> auth (0xb0)[+7.712] 
[+8.030] I (8189) SdCardLogHttp:   OK: Config ready (max_uri_handlers=30, stack_size=20480, timeout=10s)
[+8.030] I (8199) SdCardLogHttp: [3/5] Initializing display request queue...
[+8.031] I (8199) SdCardLogHttp: Display request queue + timer initialized (queue=4 slots, timer=50ms)
[+8.032] I (8199) SdCardLogHttp:   OK: Display request queue ready
[+8.032] I (8199) SdCardLogHttp: [4/5] Starting HTTP server...
[+8.033] I (8199) SdCardLogHttp:   OK: Server started on port 8080
[+8.033] I (8199) SdCardLogHttp: [5/5] Registering URI handlers...
[+8.034] I (8199) SdCardLogHttp:   [GET] /  -> Web UI
[+8.035] I (8199) SdCardLogHttp:   OK: 29 URI handlers registered
[+8.035] I (8199) SdCardLogHttp: ===== HTTP Server Ready =====
[+8.036] I (8199) SdCardLogHttp:   Port: 8080
[+8.036] I (8199) SdCardLogHttp:   Mount: /sdcard
[+8.036] I (8199) SdCardLogHttp:   Handlers: 29
[+8.036] I (8199) Application: HTTP server start called
[+8.037] I (8199) Application: PlayUiSound (zu bytes)
[+8.037] I (8199) I2S_IF: Paired data: 0x3fce9294, current mode: playback, paired in_enable: 0, paired out_enable: 0
[+8.038] I (8199) I2S_IF: STD: TX, data_bit: 16, slot_bit: 16, ws_width: 16, slot_mode: MONO, slot_mask: 0x1
[+8.039] I (8199) I2S_IF: STD: TX, sample_rate_hz: 24000, mclk_multiple: 256, clk_src: 6
[+8.307] I (8469) wifi:[+8.308] state: auth -> assoc (0x0)[+8.308] 
[+8.312] I (8479) Adev_Codec: Open codec device OK
[+8.313] I (8479) AudioCodec: Set output enable to true
[+8.317] I (8479) AudioService: Resampling audio from 16000 to 24000
[+8.331] I (8499) wifi:[+8.331] state: assoc -> run (0x10)[+8.331] 
[+8.356] I (8519) wifi:[+8.356] connected with Zikkoy, aid = 1, channel 11, 40D, bssid = 5c:7d:ae:fb:6c:60[+8.358] 
[+8.358] I (8519) wifi:[+8.358] security: WPA3-SAE H2E, phy: bgn, rssi: -9, cipher(pairwise:0x3, group:0x3), pmf:1[+8.358] 
[+8.358] I (8519) wifi:[+8.358] pm start, type: 1
[+8.359] 
[+8.359] I (8519) wifi:[+8.359] dp: 1, bi: 102400, li: 10, scale listen interval from 1024000 us to 1024000 us[+8.359] 
[+8.359] I (8529) wifi:[+8.359] set rx beacon pti, rx_bcn_pti: 14, bcn_timeout: 25000, mt_pti: 14, mt_time: 10000[+8.359] 
[+8.371] I (8539) wifi:[+8.372] AP's beacon interval = 102400 us, DTIM period = 1[+8.373] 
[+8.749] I (8919) Application: PlayUiSound (zu bytes)
[+9.900] I (10069) esp_netif_handlers: sta ip: 192.168.0.152, mask: 255.255.255.0, gw: 192.168.0.1
[+9.901] I (10069) WifiStation: Got IP: 192.168.0.152
[+9.901] I (10069) BleServer: BLE already running, skip start
[+9.901] I (10069) WifiBoard: Connected to WiFi: Zikkoy
[+10.011] I (10179) AttitudeDisplay: DebugInfoCard shown: title=通知 hidden=0 card_hidden=0
[+10.011] I (10179) AttitudeDisplay: DebugInfo: 通知 | 已连接 Zikkoy (hold=10000ms builtin_font=1)
[+10.099] I (10269) Application: PlayUiSound (zu bytes)
[+12.217] I (12379) AttitudeDisplay: WiFi fisheye status -> 1
==== xiaozhi boot log, uptime=3.942s, sdk=v5.5.4 ====
[+3.943] I (4114) SdCardLog: SD card log redirect started, file=/sdcard/xiaozhi_boot_3.log
[+3.944] I (4114) SdCardLog:   log history: /sdcard/xiaozhi_boot_3.log
[+3.960] I (4134) waveshare_lcd_1_85: 启动日志已重定向到 TF 卡: /sdcard/xiaozhi_boot_3.log
[+4.647] I (4814) WifiStation: Found AP: Zikkoy, BSSID: 5c:7d:ae:fb:6c:60, RSSI: -11, Channel: 11, Authmode: 7
[+4.650] I (4824) WifiBoard: WiFi connecting to Zikkoy
[+4.766] W (4934) wifi:[+4.766] Password length matches WPA2 standards, authmode threshold changes from OPEN to WPA2[+4.766] 
[+5.982] I (6154) wifi:[+5.982] new:<11,2>, old:<1,0>, ap:<255,255>, sta:<11,2>, prof:1, snd_ch_cfg:0x0[+5.982] 
[+5.982] I (6154) wifi:[+5.983] state: init -> auth (0xb0)[+5.983] 
[+6.564] I (6734) wifi:[+6.565] state: auth -> assoc (0x0)[+6.565] 
[+6.570] I (6744) wifi:[+6.572] Association refused temporarily time 1000, comeback time 1100 (TUs)[+6.573] 
[+7.242] I (7414) WifiBoard: BLE delayed start timer fired, starting BLE now...
[+7.242] I (7414) BleServer: ===== BLE Initialization Start (async task) =====
[+7.242] I (7414) BleServer:   OK: BLE start task created, initialization will run asynchronously
[+7.243] I (7414) BLE_INIT: Feature Config, ADV:1, BLE_50:1, DTM:1, SCAN:1, CCA:0, SMP:1, CONNECT:1
[+7.243] I (7414) BLE_INIT: Bluetooth MAC: a0:f2:62:e4:3a:42
[+7.246] I (7414) BleServer:   OK: BT controller initialized
[+7.246] I (7414) BleServer: [2/7] Enabling BLE controller mode...
[+7.247] I (7414) BleServer:   OK: BLE controller enabled
[+7.247] I (7414) BleServer: [3/7] Initializing NimBLE host stack...
[+7.248] I (7414) BleServer:   OK: NimBLE host initialized
[+7.248] I (7414) BleServer: [4/7] Configuring NimBLE host callbacks...
[+7.249] I (7414) BleServer:   OK: Host callbacks configured (reset_cb, sync_cb)
[+7.249] I (7414) BleServer: [5/7] Registering GATT services...
[+7.250] I (7424) BleServer:   OK: GATT services registered (1 primary service, 1 characteristic)
[+7.250] I (7424) BleServer: [6/7] Initializing GAP/GATT services and store...
[+7.251] I (7424) BleServer:   OK: GAP/GATT/Store initialized
[+7.251] I (7424) BleServer: [7/7] Starting NimBLE host task...
[+7.251] I (7424) BleServer: NimBLE host task started
[+7.253] I (7424) BleServer: NimBLE host synchronized, configuring device...
[+7.253] I (7424) BleServer:   OK: BLE address ensured
[+7.255] I (7424) BleServer:   OK: Device name set to 'Xiaozhi-Compass'
[+7.255] I (7424) BleServer:   Starting advertising...
[+7.255] I (7424) BleServer: Configuring advertising data...
[+7.255] I (7424) BleServer:   OK: Adv fields set (name=Xiaozhi-Compass, flags only)
[+7.255] I (7424) BleServer: Starting advertising (undirected, general discoverable)...
[+7.256] I (7424) NimBLE: GAP procedure initiated: advertise; 
[+7.256] I (7424) NimBLE: disc_mode=2
[+7.256] I (7424) NimBLE:  adv_channel_map=7 own_addr_type=0 adv_filter_policy=0 adv_itvl_min=160 adv_itvl_max=240
[+7.257] I (7424) NimBLE: 

[+7.258] I (7424) BleServer:   OK: Advertising started successfully!
[+7.258] I (7424) BleServer:   Device: Xiaozhi-Compass (public address)
[+7.258] I (7424) BleServer:   Mode: General Discoverable, Connectable
[+7.259] I (7424) BleServer: OnSync complete - BLE is now discoverable
[+7.699] I (7874) wifi:[+7.699] state: assoc -> auth (0xb0)[+7.700] 
[+7.993] I (8164) SdCardLogHttp:   OK: Config ready (max_uri_handlers=30, stack_size=20480, timeout=10s)
[+7.995] I (8164) SdCardLogHttp: [3/5] Initializing display request queue...
[+7.995] I (8164) SdCardLogHttp: Display request queue + timer initialized (queue=4 slots, timer=50ms)
[+7.995] I (8164) SdCardLogHttp:   OK: Display request queue ready
[+7.995] I (8164) SdCardLogHttp: [4/5] Starting HTTP server...
[+7.997] I (8164) SdCardLogHttp:   OK: Server started on port 8080
[+7.997] I (8164) SdCardLogHttp: [5/5] Registering URI handlers...
[+7.997] I (8164) SdCardLogHttp:   [GET] /  -> Web UI
[+7.999] I (8174) SdCardLogHttp:   OK: 29 URI handlers registered
[+7.999] I (8174) SdCardLogHttp: ===== HTTP Server Ready =====
[+7.999] I (8174) SdCardLogHttp:   Port: 8080
[+8.000] I (8174) SdCardLogHttp:   Mount: /sdcard
[+8.000] I (8174) SdCardLogHttp:   Handlers: 29
[+8.000] I (8174) Application: HTTP server start called
[+8.000] I (8174) Application: PlayUiSound (zu bytes)
[+8.000] I (8174) I2S_IF: Paired data: 0x3fce9294, current mode: playback, paired in_enable: 0, paired out_enable: 0
[+8.002] I (8174) I2S_IF: STD: TX, data_bit: 16, slot_bit: 16, ws_width: 16, slot_mode: MONO, slot_mask: 0x1
[+8.002] I (8174) I2S_IF: STD: TX, sample_rate_hz: 24000, mclk_multiple: 256, clk_src: 6
[+8.276] I (8444) Adev_Codec: Open codec device OK
[+8.277] I (8444) AudioCodec: Set output enable to true
[+8.279] I (8444) wifi:[+8.279] state: auth -> assoc (0x0)[+8.279] 
[+8.282] I (8454) AudioService: Resampling audio from 16000 to 24000
[+8.288] I (8454) wifi:[+8.289] state: assoc -> run (0x10)[+8.290] 
[+8.328] I (8494) wifi:[+8.328] connected with Zikkoy, aid = 1, channel 11, 40D, bssid = 5c:7d:ae:fb:6c:60[+8.329] 
[+8.329] I (8494) wifi:[+8.329] security: WPA3-SAE H2E, phy: bgn, rssi: -11, cipher(pairwise:0x3, group:0x3), pmf:1[+8.329] 
[+8.329] I (8504) wifi:[+8.329] pm start, type: 1
[+8.329] 
[+8.330] I (8504) wifi:[+8.330] dp: 1, bi: 102400, li: 10, scale listen interval from 1024000 us to 1024000 us[+8.330] 
[+8.330] I (8504) wifi:[+8.330] set rx beacon pti, rx_bcn_pti: 14, bcn_timeout: 25000, mt_pti: 14, mt_time: 10000[+8.332] 
[+8.427] I (8594) wifi:[+8.427] AP's beacon interval = 102400 us, DTIM period = 1[+8.427] 
[+8.713] I (8884) Application: PlayUiSound (zu bytes)
[+9.849] I (10024) esp_netif_handlers: sta ip: 192.168.0.152, mask: 255.255.255.0, gw: 192.168.0.1
[+9.850] I (10024) WifiStation: Got IP: 192.168.0.152
[+9.850] I (10024) BleServer: BLE already running, skip start
[+9.850] I (10024) WifiBoard: Connected to WiFi: Zikkoy
[+9.919] I (10094) AttitudeDisplay: DebugInfoCard shown: title=通知 hidden=0 card_hidden=0
[+9.923] I (10094) AttitudeDisplay: DebugInfo: 通知 | 已连接 Zikkoy (hold=10000ms builtin_font=1)
[+10.053] I (10224) Application: PlayUiSound (zu bytes)
[+12.134] I (12304) AttitudeDisplay: WiFi fisheye status -> 1
==== xiaozhi boot log, uptime=3.942s, sdk=v5.5.4 ====
[+3.943] I (4114) SdCardLog: SD card log redirect started, file=/sdcard/xiaozhi_boot_3.log
[+3.944] I (4114) SdCardLog:   log history: /sdcard/xiaozhi_boot_3.log
[+3.959] I (4134) waveshare_lcd_1_85: 启动日志已重定向到 TF 卡: /sdcard/xiaozhi_boot_3.log
[+4.646] I (4814) WifiStation: Found AP: Zikkoy, BSSID: 5c:7d:ae:fb:6c:60, RSSI: -11, Channel: 11, Authmode: 7
[+4.647] I (4814) WifiBoard: WiFi connecting to Zikkoy
[+4.765] W (4934) wifi:[+4.765] Password length matches WPA2 standards, authmode threshold changes from OPEN to WPA2[+4.765] 
[+5.980] I (6154) wifi:[+5.981] new:<11,2>, old:<1,0>, ap:<255,255>, sta:<11,2>, prof:1, snd_ch_cfg:0x0[+5.981] 
[+5.981] I (6154) wifi:[+5.981] state: init -> auth (0xb0)[+5.983] 
[+6.567] I (6734) wifi:[+6.567] state: auth -> assoc (0x0)[+6.567] 
[+6.574] I (6744) wifi:[+6.574] Association refused temporarily time 1000, comeback time 1100 (TUs)[+6.574] 
[+7.241] I (7414) WifiBoard: BLE delayed start timer fired, starting BLE now...
[+7.242] I (7414) BleServer: ===== BLE Initialization Start (async task) =====
[+7.242] I (7414) BleServer:   OK: BLE start task created, initialization will run asynchronously
[+7.242] I (7414) BLE_INIT: Feature Config, ADV:1, BLE_50:1, DTM:1, SCAN:1, CCA:0, SMP:1, CONNECT:1
[+7.244] I (7414) BLE_INIT: Bluetooth MAC: a0:f2:62:e4:3a:42
[+7.245] I (7414) BleServer:   OK: BT controller initialized
[+7.245] I (7414) BleServer: [2/7] Enabling BLE controller mode...
[+7.247] I (7414) BleServer:   OK: BLE controller enabled
[+7.247] I (7414) BleServer: [3/7] Initializing NimBLE host stack...
[+7.248] I (7414) BleServer:   OK: NimBLE host initialized
[+7.248] I (7414) BleServer: [4/7] Configuring NimBLE host callbacks...
[+7.248] I (7414) BleServer:   OK: Host callbacks configured (reset_cb, sync_cb)
[+7.250] I (7424) BleServer: [5/7] Registering GATT services...
[+7.250] I (7424) BleServer:   OK: GATT services registered (1 primary service, 1 characteristic)
[+7.250] I (7424) BleServer: [6/7] Initializing GAP/GATT services and store...
[+7.250] I (7424) BleServer:   OK: GAP/GATT/Store initialized
[+7.250] I (7424) BleServer: [7/7] Starting NimBLE host task...
[+7.251] I (7424) BleServer: NimBLE host task started
[+7.253] I (7424) BleServer: NimBLE host synchronized, configuring device...
[+7.254] I (7424) BleServer:   OK: BLE address ensured
[+7.254] I (7424) BleServer:   OK: Device name set to 'Xiaozhi-Compass'
[+7.254] I (7424) BleServer:   Starting advertising...
[+7.255] I (7424) BleServer: Configuring advertising data...
[+7.255] I (7424) BleServer:   OK: Adv fields set (name=Xiaozhi-Compass, flags only)
[+7.255] I (7424) BleServer: Starting advertising (undirected, general discoverable)...
[+7.255] I (7424) NimBLE: GAP procedure initiated: advertise; 
[+7.257] I (7424) NimBLE: disc_mode=2
[+7.257] I (7424) NimBLE:  adv_channel_map=7 own_addr_type=0 adv_filter_policy=0 adv_itvl_min=160 adv_itvl_max=240
[+7.257] I (7424) NimBLE: 

[+7.258] I (7424) BleServer:   OK: Advertising started successfully!
[+7.258] I (7424) BleServer:   Device: Xiaozhi-Compass (public address)
[+7.258] I (7424) BleServer:   Mode: General Discoverable, Connectable
[+7.258] I (7424) BleServer: OnSync complete - BLE is now discoverable
[+7.701] I (7874) wifi:[+7.701] state: assoc -> auth (0xb0)[+7.703] 
[+8.002] I (8174) SdCardLogHttp:   OK: Server started on port 8080
[+8.002] I (8174) SdCardLogHttp: [5/5] Registering URI handlers...
[+8.002] I (8174) SdCardLogHttp:   [GET] /  -> Web UI
[+8.004] I (8174) SdCardLogHttp:   OK: 29 URI handlers registered
[+8.004] I (8174) SdCardLogHttp: ===== HTTP Server Ready =====
[+8.004] I (8174) SdCardLogHttp:   Port: 8080
[+8.004] I (8174) SdCardLogHttp:   Mount: /sdcard
[+8.004] I (8174) SdCardLogHttp:   Handlers: 29
[+8.004] I (8174) Application: HTTP server start called
[+8.006] I (8174) Application: PlayUiSound (zu bytes)
[+8.006] I (8174) I2S_IF: Paired data: 0x3fce9294, current mode: playback, paired in_enable: 0, paired out_enable: 0
[+8.007] I (8174) I2S_IF: STD: TX, data_bit: 16, slot_bit: 16, ws_width: 16, slot_mode: MONO, slot_mask: 0x1
[+8.007] I (8174) I2S_IF: STD: TX, sample_rate_hz: 24000, mclk_multiple: 256, clk_src: 6
[+8.024] I (8194) Adev_Codec: Open codec device OK
[+8.025] I (8194) AudioCodec: Set output enable to true
[+8.034] I (8204) AudioService: Resampling audio from 16000 to 24000
[+8.304] I (8474) wifi:[+8.305] state: auth -> assoc (0x0)[+8.305] 
[+8.314] I (8484) wifi:[+8.314] state: assoc -> run (0x10)[+8.314] 
[+8.348] I (8514) wifi:[+8.348] connected with Zikkoy, aid = 1, channel 11, 40D, bssid = 5c:7d:ae:fb:6c:60[+8.348] 
[+8.349] I (8514) wifi:[+8.349] security: WPA3-SAE H2E, phy: bgn, rssi: -12, cipher(pairwise:0x3, group:0x3), pmf:1[+8.349] 
[+8.349] I (8524) wifi:[+8.349] pm start, type: 1
[+8.350] 
[+8.351] I (8524) wifi:[+8.351] dp: 1, bi: 102400, li: 10, scale listen interval from 1024000 us to 1024000 us[+8.351] 
[+8.351] I (8524) wifi:[+8.351] set rx beacon pti, rx_bcn_pti: 14, bcn_timeout: 25000, mt_pti: 14, mt_time: 10000[+8.352] 
[+8.361] I (8534) wifi:[+8.361] AP's beacon interval = 102400 us, DTIM period = 1[+8.361] 
[+8.488] I (8654) Application: PlayUiSound (zu bytes)
[+9.369] I (9544) esp_netif_handlers: sta ip: 192.168.0.152, mask: 255.255.255.0, gw: 192.168.0.1
[+9.370] I (9544) WifiStation: Got IP: 192.168.0.152
[+9.371] I (9544) BleServer: BLE already running, skip start
[+9.372] I (9544) WifiBoard: Connected to WiFi: Zikkoy
[+9.485] I (9654) AttitudeDisplay: DebugInfoCard shown: title=通知 hidden=0 card_hidden=0
[+9.486] I (9654) AttitudeDisplay: DebugInfo: 通知 | 已连接 Zikkoy (hold=10000ms builtin_font=1)
[+9.828] I (9994) Application: PlayUiSound (zu bytes)
[+11.908] I (12074) AttitudeDisplay: WiFi fisheye status -> 1
==== xiaozhi boot log, uptime=3.942s, sdk=v5.5.4 ====
[+3.943] I (4114) SdCardLog: SD card log redirect started, file=/sdcard/xiaozhi_boot_3.log
[+3.946] I (4114) SdCardLog:   log history: /sdcard/xiaozhi_boot_3.log
[+3.961] I (4134) waveshare_lcd_1_85: 启动日志已重定向到 TF 卡: /sdcard/xiaozhi_boot_3.log
[+4.646] I (4814) WifiStation: Found AP: Zikkoy, BSSID: 5c:7d:ae:fb:6c:60, RSSI: -11, Channel: 11, Authmode: 7
[+4.647] I (4814) WifiBoard: WiFi connecting to Zikkoy
[+4.765] W (4934) wifi:[+4.765] Password length matches WPA2 standards, authmode threshold changes from OPEN to WPA2[+4.767] 
[+5.982] I (6154) wifi:[+5.982] new:<11,2>, old:<1,0>, ap:<255,255>, sta:<11,2>, prof:1, snd_ch_cfg:0x0[+5.982] 
[+5.983] I (6154) wifi:[+5.983] state: init -> auth (0xb0)[+5.983] 
[+6.566] I (6734) wifi:[+6.567] state: auth -> assoc (0x0)[+6.567] 
[+6.573] I (6744) wifi:[+6.573] Association refused temporarily time 1000, comeback time 1100 (TUs)[+6.573] 
[+7.241] I (7414) WifiBoard: BLE delayed start timer fired, starting BLE now...
[+7.241] I (7414) BleServer: ===== BLE Initialization Start (async task) =====
[+7.244] I (7414) BleServer:   OK: BLE start task created, initialization will run asynchronously
[+7.244] I (7414) BLE_INIT: Feature Config, ADV:1, BLE_50:1, DTM:1, SCAN:1, CCA:0, SMP:1, CONNECT:1
[+7.245] I (7414) BLE_INIT: Bluetooth MAC: a0:f2:62:e4:3a:42
[+7.245] I (7414) BleServer:   OK: BT controller initialized
[+7.246] I (7414) BleServer: [2/7] Enabling BLE controller mode...
[+7.247] I (7414) BleServer:   OK: BLE controller enabled
[+7.247] I (7414) BleServer: [3/7] Initializing NimBLE host stack...
[+7.249] I (7424) BleServer:   OK: NimBLE host initialized
[+7.250] I (7424) BleServer: [4/7] Configuring NimBLE host callbacks...
[+7.250] I (7424) BleServer:   OK: Host callbacks configured (reset_cb, sync_cb)
[+7.250] I (7424) BleServer: [5/7] Registering GATT services...
[+7.250] I (7424) BleServer:   OK: GATT services registered (1 primary service, 1 characteristic)
[+7.250] I (7424) BleServer: [6/7] Initializing GAP/GATT services and store...
[+7.250] I (7424) BleServer:   OK: GAP/GATT/Store initialized
[+7.252] I (7424) BleServer: [7/7] Starting NimBLE host task...
[+7.252] I (7424) BleServer: NimBLE host task started
[+7.254] I (7424) BleServer: NimBLE host synchronized, configuring device...
[+7.254] I (7424) BleServer:   OK: BLE address ensured
[+7.254] I (7424) BleServer:   OK: Device name set to 'Xiaozhi-Compass'
[+7.254] I (7424) BleServer:   Starting advertising...
[+7.255] I (7424) BleServer: Configuring advertising data...
[+7.255] I (7424) BleServer:   OK: Adv fields set (name=Xiaozhi-Compass, flags only)
[+7.256] I (7424) BleServer: Starting advertising (undirected, general discoverable)...
[+7.256] I (7424) NimBLE: GAP procedure initiated: advertise; 
[+7.257] I (7424) NimBLE: disc_mode=2
[+7.257] I (7424) NimBLE:  adv_channel_map=7 own_addr_type=0 adv_filter_policy=0 adv_itvl_min=160 adv_itvl_max=240
[+7.257] I (7424) NimBLE: 

[+7.258] I (7424) BleServer:   OK: Advertising started successfully!
[+7.258] I (7424) BleServer:   Device: Xiaozhi-Compass (public address)
[+7.259] I (7434) BleServer:   Mode: General Discoverable, Connectable
[+7.260] I (7434) BleServer: OnSync complete - BLE is now discoverable
[+7.700] I (7874) wifi:[+7.700] state: assoc -> auth (0xb0)[+7.700] 
[+7.994] I (8164) SdCardLogHttp:   OK: Config ready (max_uri_handlers=30, stack_size=20480, timeout=10s)
[+7.995] I (8164) SdCardLogHttp: [3/5] Initializing display request queue...
[+7.995] I (8164) SdCardLogHttp: Display request queue + timer initialized (queue=4 slots, timer=50ms)
[+7.996] I (8164) SdCardLogHttp:   OK: Display request queue ready
[+7.996] I (8164) SdCardLogHttp: [4/5] Starting HTTP server...
[+7.997] I (8164) SdCardLogHttp:   OK: Server started on port 8080
[+7.998] I (8164) SdCardLogHttp: [5/5] Registering URI handlers...
[+7.998] I (8164) SdCardLogHttp:   [GET] /  -> Web UI
[+7.999] I (8164) SdCardLogHttp:   OK: 29 URI handlers registered
[+7.999] I (8164) SdCardLogHttp: ===== HTTP Server Ready =====
[+7.999] I (8164) SdCardLogHttp:   Port: 8080
[+7.999] I (8174) SdCardLogHttp:   Mount: /sdcard
[+8.000] I (8174) SdCardLogHttp:   Handlers: 29
[+8.001] I (8174) Application: HTTP server start called
[+8.001] I (8174) Application: PlayUiSound (zu bytes)
[+8.001] I (8174) I2S_IF: Paired data: 0x3fce9294, current mode: playback, paired in_enable: 0, paired out_enable: 0
[+8.002] I (8174) I2S_IF: STD: TX, data_bit: 16, slot_bit: 16, ws_width: 16, slot_mode: MONO, slot_mask: 0x1
[+8.002] I (8174) I2S_IF: STD: TX, sample_rate_hz: 24000, mclk_multiple: 256, clk_src: 6
[+8.020] I (8194) Adev_Codec: Open codec device OK
[+8.021] I (8194) AudioCodec: Set output enable to true
[+8.025] I (8194) AudioService: Resampling audio from 16000 to 24000
[+8.304] I (8474) wifi:[+8.304] state: auth -> assoc (0x0)[+8.304] 
[+8.323] I (8494) wifi:[+8.324] state: assoc -> run (0x10)[+8.324] 
[+8.354] I (8524) wifi:[+8.354] connected with Zikkoy, aid = 1, channel 11, 40D, bssid = 5c:7d:ae:fb:6c:60[+8.354] 
[+8.354] I (8524) wifi:[+8.355] security: WPA3-SAE H2E, phy: bgn, rssi: -12, cipher(pairwise:0x3, group:0x3), pmf:1[+8.356] 
[+8.357] I (8524) wifi:[+8.357] pm start, type: 1
[+8.357] 
[+8.357] I (8524) wifi:[+8.357] dp: 1, bi: 102400, li: 10, scale listen interval from 1024000 us to 1024000 us[+8.357] 
[+8.357] I (8524) wifi:[+8.358] set rx beacon pti, rx_bcn_pti: 14, bcn_timeout: 25000, mt_pti: 14, mt_time: 10000[+8.358] 
[+8.418] I (8584) wifi:[+8.418] AP's beacon interval = 102400 us, DTIM period = 1[+8.419] 
[+8.483] I (8654) Application: PlayUiSound (zu bytes)
[+9.380] I (9554) esp_netif_handlers: sta ip: 192.168.0.152, mask: 255.255.255.0, gw: 192.168.0.1
[+9.381] I (9554) WifiStation: Got IP: 192.168.0.152
[+9.382] I (9554) BleServer: BLE already running, skip start
[+9.382] I (9554) WifiBoard: Connected to WiFi: Zikkoy
[+9.519] I (9684) AttitudeDisplay: DebugInfoCard shown: title=通知 hidden=0 card_hidden=0
[+9.519] I (9694) AttitudeDisplay: DebugInfo: 通知 | 已连接 Zikkoy (hold=10000ms builtin_font=1)
[+9.863] I (10034) Application: PlayUiSound (zu bytes)
==== xiaozhi boot log, uptime=3.942s, sdk=v5.5.4 ====
[+3.945] I (4114) SdCardLog: SD card log redirect started, file=/sdcard/xiaozhi_boot_3.log
[+3.946] I (4114) SdCardLog:   log history: /sdcard/xiaozhi_boot_3.log
[+3.961] I (4134) waveshare_lcd_1_85: 启动日志已重定向到 TF 卡: /sdcard/xiaozhi_boot_3.log
[+4.646] I (4814) WifiStation: Found AP: Zikkoy, BSSID: 5c:7d:ae:fb:6c:60, RSSI: -11, Channel: 11, Authmode: 7
[+4.647] I (4814) WifiBoard: WiFi connecting to Zikkoy
[+4.765] W (4934) wifi:[+4.765] Password length matches WPA2 standards, authmode threshold changes from OPEN to WPA2[+4.767] 
[+5.982] I (6154) wifi:[+5.982] new:<11,2>, old:<1,0>, ap:<255,255>, sta:<11,2>, prof:1, snd_ch_cfg:0x0[+5.982] 
[+5.983] I (6154) wifi:[+5.983] state: init -> auth (0xb0)[+5.983] 
[+6.587] I (6754) wifi:[+6.588] state: auth -> assoc (0x0)[+6.588] 
[+6.594] I (6764) wifi:[+6.594] Association refused temporarily time 1000, comeback time 1100 (TUs)[+6.594] 
[+7.241] I (7414) WifiBoard: BLE delayed start timer fired, starting BLE now...
[+7.243] I (7414) BleServer: ===== BLE Initialization Start (async task) =====
[+7.243] I (7414) BleServer:   OK: BLE start task created, initialization will run asynchronously
[+7.243] I (7414) BLE_INIT: Feature Config, ADV:1, BLE_50:1, DTM:1, SCAN:1, CCA:0, SMP:1, CONNECT:1
[+7.244] I (7414) BLE_INIT: Bluetooth MAC: a0:f2:62:e4:3a:42
[+7.245] I (7414) BleServer:   OK: BT controller initialized
[+7.245] I (7414) BleServer: [2/7] Enabling BLE controller mode...
[+7.246] I (7414) BleServer:   OK: BLE controller enabled
[+7.248] I (7414) BleServer: [3/7] Initializing NimBLE host stack...
[+7.250] I (7424) BleServer:   OK: NimBLE host initialized
[+7.250] I (7424) BleServer: [4/7] Configuring NimBLE host callbacks...
[+7.250] I (7424) BleServer:   OK: Host callbacks configured (reset_cb, sync_cb)
[+7.250] I (7424) BleServer: [5/7] Registering GATT services...
[+7.250] I (7424) BleServer:   OK: GATT services registered (1 primary service, 1 characteristic)
[+7.251] I (7424) BleServer: [6/7] Initializing GAP/GATT services and store...
[+7.255] I (7424) BleServer:   OK: GAP/GATT/Store initialized
[+7.255] I (7424) BleServer: [7/7] Starting NimBLE host task...
[+7.255] I (7424) BleServer: NimBLE host task started
[+7.258] I (7424) BleServer: NimBLE host synchronized, configuring device...
[+7.258] I (7424) BleServer:   OK: BLE address ensured
[+7.259] I (7424) BleServer:   OK: Device name set to 'Xiaozhi-Compass'
[+7.259] I (7424) BleServer:   Starting advertising...
[+7.259] I (7424) BleServer: Configuring advertising data...
[+7.261] I (7434) BleServer:   OK: Adv fields set (name=Xiaozhi-Compass, flags only)
[+7.261] I (7434) BleServer: Starting advertising (undirected, general discoverable)...
[+7.261] I (7434) NimBLE: GAP procedure initiated: advertise; 
[+7.261] I (7434) NimBLE: disc_mode=2
[+7.262] I (7434) NimBLE:  adv_channel_map=7 own_addr_type=0 adv_filter_policy=0 adv_itvl_min=160 adv_itvl_max=240
[+7.262] I (7434) NimBLE: 

[+7.263] I (7434) BleServer:   OK: Advertising started successfully!
[+7.263] I (7434) BleServer:   Device: Xiaozhi-Compass (public address)
[+7.265] I (7434) BleServer:   Mode: General Discoverable, Connectable
[+7.265] I (7434) BleServer: OnSync complete - BLE is now discoverable
[+7.721] I (7894) wifi:[+7.721] state: assoc -> auth (0xb0)[+7.721] 
[+8.034] I (8204) SdCardLogHttp:   OK: Config ready (max_uri_handlers=30, stack_size=20480, timeout=10s)
[+8.034] I (8204) SdCardLogHttp: [3/5] Initializing display request queue...
[+8.034] I (8204) SdCardLogHttp: Display request queue + timer initialized (queue=4 slots, timer=50ms)
[+8.037] I (8204) SdCardLogHttp:   OK: Display request queue ready
[+8.037] I (8204) SdCardLogHttp: [4/5] Starting HTTP server...
[+8.039] I (8204) SdCardLogHttp:   OK: Server started on port 8080
[+8.039] I (8204) SdCardLogHttp: [5/5] Registering URI handlers...
[+8.039] I (8204) SdCardLogHttp:   [GET] /  -> Web UI
[+8.040] I (8214) SdCardLogHttp:   OK: 29 URI handlers registered
[+8.040] I (8214) SdCardLogHttp: ===== HTTP Server Ready =====
[+8.040] I (8214) SdCardLogHttp:   Port: 8080
[+8.042] I (8214) SdCardLogHttp:   Mount: /sdcard
[+8.042] I (8214) SdCardLogHttp:   Handlers: 29
[+8.042] I (8214) Application: HTTP server start called
[+8.042] I (8214) Application: PlayUiSound (zu bytes)
[+8.042] I (8214) I2S_IF: Paired data: 0x3fce9294, current mode: playback, paired in_enable: 0, paired out_enable: 0
[+8.043] I (8214) I2S_IF: STD: TX, data_bit: 16, slot_bit: 16, ws_width: 16, slot_mode: MONO, slot_mask: 0x1
[+8.043] I (8214) I2S_IF: STD: TX, sample_rate_hz: 24000, mclk_multiple: 256, clk_src: 6
[+8.060] I (8234) Adev_Codec: Open codec device OK
[+8.061] I (8234) AudioCodec: Set output enable to true
[+8.065] I (8234) AudioService: Resampling audio from 16000 to 24000
[+8.344] I (8514) wifi:[+8.344] state: auth -> assoc (0x0)[+8.344] 
[+8.364] I (8534) wifi:[+8.365] state: assoc -> run (0x10)[+8.365] 
[+8.417] I (8584) wifi:[+8.418] connected with Zikkoy, aid = 1, channel 11, 40D, bssid = 5c:7d:ae:fb:6c:60[+8.418] 
[+8.418] I (8584) wifi:[+8.418] security: WPA3-SAE H2E, phy: bgn, rssi: -11, cipher(pairwise:0x3, group:0x3), pmf:1[+8.420] 
[+8.420] I (8594) wifi:[+8.420] pm start, type: 1
[+8.421] 
[+8.421] I (8594) wifi:[+8.421] dp: 1, bi: 102400, li: 10, scale listen interval from 1024000 us to 1024000 us[+8.421] 
[+8.421] I (8594) wifi:[+8.421] set rx beacon pti, rx_bcn_pti: 14, bcn_timeout: 25000, mt_pti: 14, mt_time: 10000[+8.421] 
[+8.422] I (8594) wifi:[+8.422] AP's beacon interval = 102400 us, DTIM period = 1[+8.422] 
[+8.525] I (8694) Application: PlayUiSound (zu bytes)
[+9.865] I (10034) Application: PlayUiSound (zu bytes)
[+9.950] I (10124) esp_netif_handlers: sta ip: 192.168.0.152, mask: 255.255.255.0, gw: 192.168.0.1
[+9.950] I (10124) WifiStation: Got IP: 192.168.0.152
[+9.950] I (10124) BleServer: BLE already running, skip start
[+9.951] I (10124) WifiBoard: Connected to WiFi: Zikkoy
[+10.043] I (10214) AttitudeDisplay: DebugInfoCard shown: title=通知 hidden=0 card_hidden=0
[+10.044] I (10214) AttitudeDisplay: DebugInfo: 通知 | 已连接 Zikkoy (hold=10000ms builtin_font=1)
[+11.779] I (11954) AttitudeDisplay: WiFi fisheye status -> 1
==== xiaozhi boot log, uptime=3.942s, sdk=v5.5.4 ====
[+3.943] I (4114) SdCardLog: SD card log redirect started, file=/sdcard/xiaozhi_boot_3.log
[+3.944] I (4114) SdCardLog:   log history: /sdcard/xiaozhi_boot_3.log
[+3.959] I (4134) waveshare_lcd_1_85: 启动日志已重定向到 TF 卡: /sdcard/xiaozhi_boot_3.log
[+4.646] I (4814) WifiStation: Found AP: Zikkoy, BSSID: 5c:7d:ae:fb:6c:60, RSSI: -9, Channel: 11, Authmode: 7
[+4.653] I (4824) WifiBoard: WiFi connecting to Zikkoy
[+4.766] W (4934) wifi:[+4.766] Password length matches WPA2 standards, authmode threshold changes from OPEN to WPA2[+4.766] 
[+5.982] I (6154) wifi:[+5.982] new:<11,2>, old:<1,0>, ap:<255,255>, sta:<11,2>, prof:1, snd_ch_cfg:0x0[+5.982] 
[+5.982] I (6154) wifi:[+5.983] state: init -> auth (0xb0)[+5.983] 
[+6.566] I (6734) wifi:[+6.566] state: auth -> assoc (0x0)[+6.566] 
[+6.572] I (6744) wifi:[+6.572] Association refused temporarily time 1000, comeback time 1100 (TUs)[+6.573] 
[+7.241] I (7414) WifiBoard: BLE delayed start timer fired, starting BLE now...
[+7.241] I (7414) BleServer: ===== BLE Initialization Start (async task) =====
[+7.242] I (7414) BleServer:   OK: BLE start task created, initialization will run asynchronously
[+7.242] I (7414) BLE_INIT: Feature Config, ADV:1, BLE_50:1, DTM:1, SCAN:1, CCA:0, SMP:1, CONNECT:1
[+7.243] I (7414) BLE_INIT: Bluetooth MAC: a0:f2:62:e4:3a:42
[+7.244] I (7414) BleServer:   OK: BT controller initialized
[+7.244] I (7414) BleServer: [2/7] Enabling BLE controller mode...
[+7.247] I (7414) BleServer:   OK: BLE controller enabled
[+7.248] I (7414) BleServer: [3/7] Initializing NimBLE host stack...
[+7.249] I (7414) BleServer:   OK: NimBLE host initialized
[+7.249] I (7424) BleServer: [4/7] Configuring NimBLE host callbacks...
[+7.249] I (7424) BleServer:   OK: Host callbacks configured (reset_cb, sync_cb)
[+7.249] I (7424) BleServer: [5/7] Registering GATT services...
[+7.250] I (7424) BleServer:   OK: GATT services registered (1 primary service, 1 characteristic)
[+7.251] I (7424) BleServer: [6/7] Initializing GAP/GATT services and store...
[+7.251] I (7424) BleServer:   OK: GAP/GATT/Store initialized
[+7.252] I (7424) BleServer: [7/7] Starting NimBLE host task...
[+7.252] I (7424) BleServer:   OK: Host task started
[+7.252] I (7424) BleServer: ===== BLE Initialization Complete =====
[+7.252] I (7424) BleServer: Device name: Xiaozhi-Compass
[+7.252] I (7424) BleServer: Advertising will start after host sync (OnSync callback)
[+7.700] I (7874) wifi:[+7.700] state: assoc -> auth (0xb0)[+7.700] 
[+7.999] I (8164) SdCardLogHttp:   OK: Server started on port 8080
[+7.999] I (8164) SdCardLogHttp: [5/5] Registering URI handlers...
[+7.999] I (8174) SdCardLogHttp:   [GET] /  -> Web UI
[+8.000] I (8174) SdCardLogHttp:   OK: 29 URI handlers registered
[+8.000] I (8174) SdCardLogHttp: ===== HTTP Server Ready =====
[+8.001] I (8174) SdCardLogHttp:   Port: 8080
[+8.001] I (8174) SdCardLogHttp:   Mount: /sdcard
[+8.001] I (8174) SdCardLogHttp:   Handlers: 29
[+8.002] I (8174) Application: HTTP server start called
[+8.003] I (8174) Application: PlayUiSound (zu bytes)
[+8.003] I (8174) I2S_IF: Paired data: 0x3fce9294, current mode: playback, paired in_enable: 0, paired out_enable: 0
[+8.004] I (8174) I2S_IF: STD: TX, data_bit: 16, slot_bit: 16, ws_width: 16, slot_mode: MONO, slot_mask: 0x1
[+8.004] I (8174) I2S_IF: STD: TX, sample_rate_hz: 24000, mclk_multiple: 256, clk_src: 6
[+8.021] I (8194) Adev_Codec: Open codec device OK
[+8.022] I (8194) AudioCodec: Set output enable to true
[+8.026] I (8194) AudioService: Resampling audio from 16000 to 24000
[+8.303] I (8474) wifi:[+8.304] state: auth -> assoc (0x0)[+8.304] 
[+8.321] I (8494) wifi:[+8.321] state: assoc -> run (0x10)[+8.321] 
[+8.348] I (8514) wifi:[+8.348] connected with Zikkoy, aid = 1, channel 11, 40D, bssid = 5c:7d:ae:fb:6c:60[+8.348] 
[+8.349] I (8514) wifi:[+8.349] security: WPA3-SAE H2E, phy: bgn, rssi: -11, cipher(pairwise:0x3, group:0x3), pmf:1[+8.349] 
[+8.349] I (8524) wifi:[+8.351] pm start, type: 1
[+8.351] 
[+8.351] I (8524) wifi:[+8.351] dp: 1, bi: 102400, li: 10, scale listen interval from 1024000 us to 1024000 us[+8.351] 
[+8.351] I (8524) wifi:[+8.351] set rx beacon pti, rx_bcn_pti: 14, bcn_timeout: 25000, mt_pti: 14, mt_time: 10000[+8.352] 
[+8.400] I (8574) wifi:[+8.400] AP's beacon interval = 102400 us, DTIM period = 1[+8.400] 
[+8.485] I (8654) Application: PlayUiSound (zu bytes)
[+9.825] I (9994) Application: PlayUiSound (zu bytes)
[+9.929] I (10104) esp_netif_handlers: sta ip: 192.168.0.152, mask: 255.255.255.0, gw: 192.168.0.1
[+9.931] I (10104) WifiStation: Got IP: 192.168.0.152
[+9.932] I (10104) BleServer: BLE already running, skip start
[+9.932] I (10104) WifiBoard: Connected to WiFi: Zikkoy
[+9.949] I (10114) AttitudeDisplay: DebugInfoCard shown: title=通知 hidden=0 card_hidden=0
[+9.949] I (10114) AttitudeDisplay: DebugInfo: 通知 | 已连接 Zikkoy (hold=10000ms builtin_font=1)
[+11.898] I (12064) AttitudeDisplay: WiFi fisheye status -> 1
==== xiaozhi boot log, uptime=3.942s, sdk=v5.5.4 ====
[+3.944] I (4114) SdCardLog: SD card log redirect started, file=/sdcard/xiaozhi_boot_3.log
[+3.946] I (4114) SdCardLog:   log history: /sdcard/xiaozhi_boot_3.log
[+3.961] I (4134) waveshare_lcd_1_85: 启动日志已重定向到 TF 卡: /sdcard/xiaozhi_boot_3.log
[+4.646] I (4814) WifiStation: Found AP: Zikkoy, BSSID: 5c:7d:ae:fb:6c:60, RSSI: -12, Channel: 11, Authmode: 7
[+4.646] I (4814) WifiBoard: WiFi connecting to Zikkoy
[+4.765] W (4934) wifi:[+4.765] Password length matches WPA2 standards, authmode threshold changes from OPEN to WPA2[+4.767] 
[+5.982] I (6154) wifi:[+5.982] new:<11,2>, old:<1,0>, ap:<255,255>, sta:<11,2>, prof:1, snd_ch_cfg:0x0[+5.982] 
[+5.983] I (6154) wifi:[+5.983] state: init -> auth (0xb0)[+5.983] 
[+6.608] I (6774) wifi:[+6.608] state: auth -> assoc (0x0)[+6.608] 
[+6.614] I (6784) wifi:[+6.614] Association refused temporarily time 1000, comeback time 1100 (TUs)[+6.615] 
[+7.240] I (7414) WifiBoard: BLE delayed start timer fired, starting BLE now...
[+7.242] I (7414) BleServer: ===== BLE Initialization Start (async task) =====
[+7.242] I (7414) BleServer:   OK: BLE start task created, initialization will run asynchronously
[+7.243] I (7414) BLE_INIT: Feature Config, ADV:1, BLE_50:1, DTM:1, SCAN:1, CCA:0, SMP:1, CONNECT:1
[+7.243] I (7414) BLE_INIT: Bluetooth MAC: a0:f2:62:e4:3a:42
[+7.244] I (7414) BleServer:   OK: BT controller initialized
[+7.244] I (7414) BleServer: [2/7] Enabling BLE controller mode...
[+7.245] I (7414) BleServer:   OK: BLE controller enabled
[+7.247] I (7414) BleServer: [3/7] Initializing NimBLE host stack...
[+7.248] I (7414) BleServer:   OK: NimBLE host initialized
[+7.249] I (7414) BleServer: [4/7] Configuring NimBLE host callbacks...
[+7.249] I (7414) BleServer:   OK: Host callbacks configured (reset_cb, sync_cb)
[+7.249] I (7414) BleServer: [5/7] Registering GATT services...
[+7.249] I (7424) BleServer:   OK: GATT services registered (1 primary service, 1 characteristic)
[+7.249] I (7424) BleServer: [6/7] Initializing GAP/GATT services and store...
[+7.251] I (7424) BleServer:   OK: GAP/GATT/Store initialized
[+7.251] I (7424) BleServer: [7/7] Starting NimBLE host task...
[+7.251] I (7424) BleServer: NimBLE host task started
[+7.254] I (7424) BleServer: NimBLE host synchronized, configuring device...
[+7.254] I (7424) BleServer:   OK: BLE address ensured
[+7.254] I (7424) BleServer:   OK: Device name set to 'Xiaozhi-Compass'
[+7.254] I (7424) BleServer:   Starting advertising...
[+7.254] I (7424) BleServer: Configuring advertising data...
[+7.256] I (7424) BleServer:   OK: Adv fields set (name=Xiaozhi-Compass, flags only)
[+7.257] I (7424) BleServer: Starting advertising (undirected, general discoverable)...
[+7.257] I (7424) NimBLE: GAP procedure initiated: advertise; 
[+7.257] I (7424) NimBLE: disc_mode=2
[+7.257] I (7424) NimBLE:  adv_channel_map=7 own_addr_type=0 adv_filter_policy=0 adv_itvl_min=160 adv_itvl_max=240
[+7.257] I (7424) NimBLE: 

[+7.258] I (7424) BleServer:   OK: Advertising started successfully!
[+7.259] I (7424) BleServer:   Device: Xiaozhi-Compass (public address)
[+7.260] I (7434) BleServer:   Mode: General Discoverable, Connectable
[+7.261] I (7434) BleServer: OnSync complete - BLE is now discoverable
[+7.741] I (7914) wifi:[+7.742] state: assoc -> auth (0xb0)[+7.742] 
[+8.055] I (8224) SdCardLogHttp:   OK: Config ready (max_uri_handlers=30, stack_size=20480, timeout=10s)
[+8.056] I (8224) SdCardLogHttp: [3/5] Initializing display request queue...
[+8.056] I (8224) SdCardLogHttp: Display request queue + timer initialized (queue=4 slots, timer=50ms)
[+8.057] I (8224) SdCardLogHttp:   OK: Display request queue ready
[+8.057] I (8224) SdCardLogHttp: [4/5] Starting HTTP server...
[+8.059] I (8224) SdCardLogHttp:   OK: Server started on port 8080
[+8.059] I (8234) SdCardLogHttp: [5/5] Registering URI handlers...
[+8.059] I (8234) SdCardLogHttp:   [GET] /  -> Web UI
[+8.060] I (8234) SdCardLogHttp:   OK: 29 URI handlers registered
[+8.060] I (8234) SdCardLogHttp: ===== HTTP Server Ready =====
[+8.061] I (8234) SdCardLogHttp:   Port: 8080
[+8.062] I (8234) SdCardLogHttp:   Mount: /sdcard
[+8.062] I (8234) SdCardLogHttp:   Handlers: 29
[+8.062] I (8234) Application: HTTP server start called
[+8.062] I (8234) Application: PlayUiSound (zu bytes)
[+8.063] I (8234) I2S_IF: Paired data: 0x3fce9294, current mode: playback, paired in_enable: 0, paired out_enable: 0
[+8.063] I (8234) I2S_IF: STD: TX, data_bit: 16, slot_bit: 16, ws_width: 16, slot_mode: MONO, slot_mask: 0x1
[+8.063] I (8234) I2S_IF: STD: TX, sample_rate_hz: 24000, mclk_multiple: 256, clk_src: 6
[+8.081] I (8254) Adev_Codec: Open codec device OK
[+8.082] I (8254) AudioCodec: Set output enable to true
[+8.086] I (8254) AudioService: Resampling audio from 16000 to 24000
[+8.377] I (8544) wifi:[+8.377] state: auth -> assoc (0x0)[+8.377] 
[+8.403] I (8574) wifi:[+8.403] state: assoc -> run (0x10)[+8.403] 
[+8.424] I (8594) wifi:[+8.425] connected with Zikkoy, aid = 1, channel 11, 40D, bssid = 5c:7d:ae:fb:6c:60[+8.425] 
[+8.425] I (8594) wifi:[+8.425] security: WPA3-SAE H2E, phy: bgn, rssi: -11, cipher(pairwise:0x3, group:0x3), pmf:1[+8.427] 
[+8.427] I (8594) wifi:[+8.427] pm start, type: 1
[+8.427] 
[+8.427] I (8594) wifi:[+8.428] dp: 1, bi: 102400, li: 10, scale listen interval from 1024000 us to 1024000 us[+8.428] 
[+8.428] I (8594) wifi:[+8.428] set rx beacon pti, rx_bcn_pti: 14, bcn_timeout: 25000, mt_pti: 14, mt_time: 10000[+8.428] 
[+8.545] I (8714) Application: PlayUiSound (zu bytes)
[+8.570] I (8744) wifi:[+8.570] AP's beacon interval = 102400 us, DTIM period = 1[+8.572] 
[+9.885] I (10054) Application: PlayUiSound (zu bytes)
[+9.989] I (10164) esp_netif_handlers: sta ip: 192.168.0.152, mask: 255.255.255.0, gw: 192.168.0.1
[+9.990] I (10164) WifiStation: Got IP: 192.168.0.152
[+9.990] I (10164) BleServer: BLE already running, skip start
[+9.990] I (10164) WifiBoard: Connected to WiFi: Zikkoy
[+10.041] I (10214) AttitudeDisplay: DebugInfoCard shown: title=通知 hidden=0 card_hidden=0
[+10.042] I (10214) AttitudeDisplay: DebugInfo: 通知 | 已连接 Zikkoy (hold=10000ms builtin_font=1)
==== xiaozhi boot log, uptime=3.942s, sdk=v5.5.4 ====
[+3.943] I (4114) SdCardLog: SD card log redirect started, file=/sdcard/xiaozhi_boot_3.log
[+3.944] I (4114) SdCardLog:   log history: /sdcard/xiaozhi_boot_3.log
[+3.960] I (4134) waveshare_lcd_1_85: 启动日志已重定向到 TF 卡: /sdcard/xiaozhi_boot_3.log
[+4.646] I (4814) WifiStation: Found AP: Zikkoy, BSSID: 5c:7d:ae:fb:6c:60, RSSI: -12, Channel: 11, Authmode: 7
[+4.647] I (4814) WifiBoard: WiFi connecting to Zikkoy
[+4.766] W (4934) wifi:[+4.766] Password length matches WPA2 standards, authmode threshold changes from OPEN to WPA2[+4.766] 
[+5.981] I (6154) wifi:[+5.982] new:<11,2>, old:<1,0>, ap:<255,255>, sta:<11,2>, prof:1, snd_ch_cfg:0x0[+5.982] 
[+5.982] I (6154) wifi:[+5.982] state: init -> auth (0xb0)[+5.982] 
[+6.608] I (6774) wifi:[+6.608] state: auth -> assoc (0x0)[+6.608] 
[+6.616] I (6784) wifi:[+6.616] Association refused temporarily time 1000, comeback time 1100 (TUs)[+6.616] 
[+7.241] I (7414) WifiBoard: BLE delayed start timer fired, starting BLE now...
[+7.243] I (7414) BleServer: ===== BLE Initialization Start (async task) =====
[+7.243] I (7414) BleServer:   OK: BLE start task created, initialization will run asynchronously
[+7.243] I (7414) BLE_INIT: Feature Config, ADV:1, BLE_50:1, DTM:1, SCAN:1, CCA:0, SMP:1, CONNECT:1
[+7.244] I (7414) BLE_INIT: Bluetooth MAC: a0:f2:62:e4:3a:42
[+7.245] I (7414) BleServer:   OK: BT controller initialized
[+7.245] I (7414) BleServer: [2/7] Enabling BLE controller mode...
[+7.247] I (7414) BleServer:   OK: BLE controller enabled
[+7.248] I (7414) BleServer: [3/7] Initializing NimBLE host stack...
[+7.249] I (7414) BleServer:   OK: NimBLE host initialized
[+7.249] I (7414) BleServer: [4/7] Configuring NimBLE host callbacks...
[+7.249] I (7424) BleServer:   OK: Host callbacks configured (reset_cb, sync_cb)
[+7.249] I (7424) BleServer: [5/7] Registering GATT services...
[+7.249] I (7424) BleServer:   OK: GATT services registered (1 primary service, 1 characteristic)
[+7.251] I (7424) BleServer: [6/7] Initializing GAP/GATT services and store...
[+7.251] I (7424) BleServer:   OK: GAP/GATT/Store initialized
[+7.251] I (7424) BleServer: [7/7] Starting NimBLE host task...
[+7.252] I (7424) BleServer: NimBLE host task started
[+7.254] I (7424) BleServer: NimBLE host synchronized, configuring device...
[+7.254] I (7424) BleServer:   OK: BLE address ensured
[+7.254] I (7424) BleServer:   OK: Device name set to 'Xiaozhi-Compass'
[+7.254] I (7424) BleServer:   Starting advertising...
[+7.258] I (7424) BleServer: Configuring advertising data...
[+7.259] I (7424) BleServer:   OK: Adv fields set (name=Xiaozhi-Compass, flags only)
[+7.259] I (7424) BleServer: Starting advertising (undirected, general discoverable)...
[+7.259] I (7424) NimBLE: GAP procedure initiated: advertise; 
[+7.259] I (7434) NimBLE: disc_mode=2
[+7.259] I (7434) NimBLE:  adv_channel_map=7 own_addr_type=0 adv_filter_policy=0 adv_itvl_min=160 adv_itvl_max=240
[+7.260] I (7434) NimBLE: 

[+7.261] I (7434) BleServer:   OK: Advertising started successfully!
[+7.262] I (7434) BleServer:   Device: Xiaozhi-Compass (public address)
[+7.262] I (7434) BleServer:   Mode: General Discoverable, Connectable
[+7.263] I (7434) BleServer: OnSync complete - BLE is now discoverable
[+7.743] I (7914) wifi:[+7.743] state: assoc -> auth (0xb0)[+7.743] 
[+8.055] I (8224) SdCardLogHttp:   OK: Config ready (max_uri_handlers=30, stack_size=20480, timeout=10s)
[+8.055] I (8224) SdCardLogHttp: [3/5] Initializing display request queue...
[+8.055] I (8224) SdCardLogHttp: Display request queue + timer initialized (queue=4 slots, timer=50ms)
[+8.057] I (8224) SdCardLogHttp:   OK: Display request queue ready
[+8.057] I (8224) SdCardLogHttp: [4/5] Starting HTTP server...
[+8.058] I (8224) SdCardLogHttp:   OK: Server started on port 8080
[+8.059] I (8224) SdCardLogHttp: [5/5] Registering URI handlers...
[+8.059] I (8224) SdCardLogHttp:   [GET] /  -> Web UI
[+8.060] I (8234) SdCardLogHttp:   OK: 29 URI handlers registered
[+8.060] I (8234) SdCardLogHttp: ===== HTTP Server Ready =====
[+8.064] I (8234) SdCardLogHttp:   Port: 8080
[+8.064] I (8234) SdCardLogHttp:   Mount: /sdcard
[+8.064] I (8234) SdCardLogHttp:   Handlers: 29
[+8.064] I (8234) Application: HTTP server start called
[+8.064] I (8234) Application: PlayUiSound (zu bytes)
[+8.065] I (8234) I2S_IF: Paired data: 0x3fce9294, current mode: playback, paired in_enable: 0, paired out_enable: 0
[+8.065] I (8234) I2S_IF: STD: TX, data_bit: 16, slot_bit: 16, ws_width: 16, slot_mode: MONO, slot_mask: 0x1
[+8.067] I (8234) I2S_IF: STD: TX, sample_rate_hz: 24000, mclk_multiple: 256, clk_src: 6
[+8.083] I (8254) Adev_Codec: Open codec device OK
[+8.083] I (8254) AudioCodec: Set output enable to true
[+8.087] I (8254) AudioService: Resampling audio from 16000 to 24000
[+8.362] I (8534) wifi:[+8.362] state: auth -> assoc (0x0)[+8.362] 
[+8.381] I (8554) wifi:[+8.382] state: assoc -> run (0x10)[+8.382] 
[+8.411] I (8584) wifi:[+8.412] connected with Zikkoy, aid = 1, channel 11, 40D, bssid = 5c:7d:ae:fb:6c:60[+8.412] 
[+8.413] I (8584) wifi:[+8.413] security: WPA3-SAE H2E, phy: bgn, rssi: -11, cipher(pairwise:0x3, group:0x3), pmf:1[+8.414] 
[+8.414] I (8584) wifi:[+8.414] pm start, type: 1
[+8.414] 
[+8.414] I (8584) wifi:[+8.414] dp: 1, bi: 102400, li: 10, scale listen interval from 1024000 us to 1024000 us[+8.415] 
[+8.415] I (8584) wifi:[+8.415] set rx beacon pti, rx_bcn_pti: 14, bcn_timeout: 25000, mt_pti: 14, mt_time: 10000[+8.415] 
[+8.443] I (8614) wifi:[+8.444] AP's beacon interval = 102400 us, DTIM period = 1[+8.445] 
[+8.547] I (8714) Application: PlayUiSound (zu bytes)
[+9.887] I (10054) Application: PlayUiSound (zu bytes)
[+9.970] I (10144) esp_netif_handlers: sta ip: 192.168.0.152, mask: 255.255.255.0, gw: 192.168.0.1
[+9.970] I (10144) WifiStation: Got IP: 192.168.0.152
[+9.970] I (10144) BleServer: BLE already running, skip start
[+9.970] I (10144) WifiBoard: Connected to WiFi: Zikkoy
[+10.046] I (10214) AttitudeDisplay: DebugInfoCard shown: title=通知 hidden=0 card_hidden=0
[+10.046] I (10214) AttitudeDisplay: DebugInfo: 通知 | 已连接 Zikkoy (hold=10000ms builtin_font=1)
==== xiaozhi boot log, uptime=3.942s, sdk=v5.5.4 ====
[+3.943] I (4114) SdCardLog: SD card log redirect started, file=/sdcard/xiaozhi_boot_3.log
[+3.944] I (4114) SdCardLog:   log history: /sdcard/xiaozhi_boot_3.log
[+3.959] I (4134) waveshare_lcd_1_85: 启动日志已重定向到 TF 卡: /sdcard/xiaozhi_boot_3.log
[+4.646] I (4814) WifiStation: Found AP: Zikkoy, BSSID: 5c:7d:ae:fb:6c:60, RSSI: -11, Channel: 11, Authmode: 7
[+4.646] I (4814) WifiBoard: WiFi connecting to Zikkoy
[+4.765] W (4934) wifi:[+4.766] Password length matches WPA2 standards, authmode threshold changes from OPEN to WPA2[+4.766] 
[+5.981] I (6154) wifi:[+5.981] new:<11,2>, old:<1,0>, ap:<255,255>, sta:<11,2>, prof:1, snd_ch_cfg:0x0[+5.981] 
[+5.982] I (6154) wifi:[+5.982] state: init -> auth (0xb0)[+5.982] 
[+6.564] I (6734) wifi:[+6.564] state: auth -> assoc (0x0)[+6.564] 
[+6.569] I (6744) wifi:[+6.569] Association refused temporarily time 1000, comeback time 1100 (TUs)[+6.571] 
[+7.240] I (7414) WifiBoard: BLE delayed start timer fired, starting BLE now...
[+7.241] I (7414) BleServer: ===== BLE Initialization Start (async task) =====
[+7.241] I (7414) BleServer:   OK: BLE start task created, initialization will run asynchronously
[+7.241] I (7414) BLE_INIT: Feature Config, ADV:1, BLE_50:1, DTM:1, SCAN:1, CCA:0, SMP:1, CONNECT:1
[+7.242] I (7414) BLE_INIT: Bluetooth MAC: a0:f2:62:e4:3a:42
[+7.243] I (7414) BleServer:   OK: BT controller initialized
[+7.243] I (7414) BleServer: [2/7] Enabling BLE controller mode...
[+7.246] I (7414) BleServer:   OK: BLE controller enabled
[+7.247] I (7414) BleServer: [3/7] Initializing NimBLE host stack...
[+7.248] I (7414) BleServer:   OK: NimBLE host initialized
[+7.248] I (7414) BleServer: [4/7] Configuring NimBLE host callbacks...
[+7.248] I (7414) BleServer:   OK: Host callbacks configured (reset_cb, sync_cb)
[+7.248] I (7414) BleServer: [5/7] Registering GATT services...
[+7.248] I (7414) BleServer:   OK: GATT services registered (1 primary service, 1 characteristic)
[+7.250] I (7424) BleServer: [6/7] Initializing GAP/GATT services and store...
[+7.250] I (7424) BleServer:   OK: GAP/GATT/Store initialized
[+7.250] I (7424) BleServer: [7/7] Starting NimBLE host task...
[+7.251] I (7424) BleServer: NimBLE host task started
[+7.253] I (7424) BleServer: NimBLE host synchronized, configuring device...
[+7.253] I (7424) BleServer:   OK: BLE address ensured
[+7.253] I (7424) BleServer:   OK: Device name set to 'Xiaozhi-Compass'
[+7.253] I (7424) BleServer:   Starting advertising...
[+7.255] I (7424) BleServer: Configuring advertising data...
[+7.255] I (7424) BleServer:   OK: Adv fields set (name=Xiaozhi-Compass, flags only)
[+7.255] I (7424) BleServer: Starting advertising (undirected, general discoverable)...
[+7.255] I (7424) NimBLE: GAP procedure initiated: advertise; 
[+7.255] I (7424) NimBLE: disc_mode=2
[+7.256] I (7424) NimBLE:  adv_channel_map=7 own_addr_type=0 adv_filter_policy=0 adv_itvl_min=160 adv_itvl_max=240
[+7.256] I (7424) NimBLE: 

[+7.258] I (7424) BleServer:   OK: Advertising started successfully!
[+7.258] I (7424) BleServer:   Device: Xiaozhi-Compass (public address)
[+7.258] I (7424) BleServer:   Mode: General Discoverable, Connectable
[+7.258] I (7424) BleServer: OnSync complete - BLE is now discoverable
[+7.698] I (7864) wifi:[+7.698] state: assoc -> auth (0xb0)[+7.698] 
[+7.992] I (8164) SdCardLogHttp:   OK: Config ready (max_uri_handlers=30, stack_size=20480, timeout=10s)
[+7.992] I (8164) SdCardLogHttp: [3/5] Initializing display request queue...
[+7.994] I (8164) SdCardLogHttp: Display request queue + timer initialized (queue=4 slots, timer=50ms)
[+7.994] I (8164) SdCardLogHttp:   OK: Display request queue ready
[+7.994] I (8164) SdCardLogHttp: [4/5] Starting HTTP server...
[+7.995] I (8164) SdCardLogHttp:   OK: Server started on port 8080
[+7.995] I (8164) SdCardLogHttp: [5/5] Registering URI handlers...
[+7.995] I (8164) SdCardLogHttp:   [GET] /  -> Web UI
[+7.996] I (8164) SdCardLogHttp:   OK: 29 URI handlers registered
[+7.998] I (8164) SdCardLogHttp: ===== HTTP Server Ready =====
[+7.998] I (8164) SdCardLogHttp:   Port: 8080
[+7.998] I (8164) SdCardLogHttp:   Mount: /sdcard
[+7.998] I (8164) SdCardLogHttp:   Handlers: 29
[+7.998] I (8164) Application: HTTP server start called
[+7.999] I (8164) Application: PlayUiSound (zu bytes)
[+7.999] I (8164) I2S_IF: Paired data: 0x3fce9294, current mode: playback, paired in_enable: 0, paired out_enable: 0
[+7.999] I (8174) I2S_IF: STD: TX, data_bit: 16, slot_bit: 16, ws_width: 16, slot_mode: MONO, slot_mask: 0x1
[+8.001] I (8174) I2S_IF: STD: TX, sample_rate_hz: 24000, mclk_multiple: 256, clk_src: 6
[+8.018] I (8184) Adev_Codec: Open codec device OK
[+8.019] I (8184) AudioCodec: Set output enable to true
[+8.023] I (8194) AudioService: Resampling audio from 16000 to 24000
[+8.315] I (8484) wifi:[+8.316] state: auth -> assoc (0x0)[+8.316] 
[+8.336] I (8504) wifi:[+8.337] state: assoc -> run (0x10)[+8.337] 
[+8.367] I (8534) wifi:[+8.368] connected with Zikkoy, aid = 1, channel 11, 40D, bssid = 5c:7d:ae:fb:6c:60[+8.372] 
[+8.372] I (8544) wifi:[+8.372] security: WPA3-SAE H2E, phy: bgn, rssi: -11, cipher(pairwise:0x3, group:0x3), pmf:1[+8.372] 
[+8.373] I (8544) wifi:[+8.373] pm start, type: 1
[+8.373] 
[+8.373] I (8544) wifi:[+8.373] dp: 1, bi: 102400, li: 10, scale listen interval from 1024000 us to 1024000 us[+8.373] 
[+8.373] I (8544) wifi:[+8.373] set rx beacon pti, rx_bcn_pti: 14, bcn_timeout: 25000, mt_pti: 14, mt_time: 10000[+8.374] 
[+8.422] I (8594) wifi:[+8.423] AP's beacon interval = 102400 us, DTIM period = 1[+8.424] 
[+8.481] I (8654) Application: PlayUiSound (zu bytes)
[+9.399] I (9574) esp_netif_handlers: sta ip: 192.168.0.152, mask: 255.255.255.0, gw: 192.168.0.1
[+9.400] I (9574) WifiStation: Got IP: 192.168.0.152
[+9.400] I (9574) BleServer: BLE already running, skip start
[+9.400] I (9574) WifiBoard: Connected to WiFi: Zikkoy
[+9.530] I (9704) AttitudeDisplay: DebugInfoCard shown: title=通知 hidden=0 card_hidden=0
[+9.531] I (9704) AttitudeDisplay: DebugInfo: 通知 | 已连接 Zikkoy (hold=10000ms builtin_font=1)
[+9.851] I (10024) Application: PlayUiSound (zu bytes)
==== xiaozhi boot log, uptime=3.942s, sdk=v5.5.4 ====
[+3.944] I (4114) SdCardLog: SD card log redirect started, file=/sdcard/xiaozhi_boot_3.log
[+3.945] I (4114) SdCardLog:   log history: /sdcard/xiaozhi_boot_3.log
[+3.960] I (4134) waveshare_lcd_1_85: 启动日志已重定向到 TF 卡: /sdcard/xiaozhi_boot_3.log
[+4.648] I (4814) WifiStation: Found AP: Zikkoy, BSSID: 5c:7d:ae:fb:6c:60, RSSI: -11, Channel: 11, Authmode: 7
[+4.650] I (4824) WifiBoard: WiFi connecting to Zikkoy
[+4.766] W (4934) wifi:[+4.766] Password length matches WPA2 standards, authmode threshold changes from OPEN to WPA2[+4.767] 
[+6.066] I (6234) wifi:[+6.066] new:<11,2>, old:<1,0>, ap:<255,255>, sta:<11,2>, prof:1, snd_ch_cfg:0x0[+6.066] 
[+6.066] I (6234) wifi:[+6.066] state: init -> auth (0xb0)[+6.067] 
[+6.695] I (6864) wifi:[+6.695] state: auth -> assoc (0x0)[+6.695] 
[+6.701] I (6874) wifi:[+6.701] Association refused temporarily time 1000, comeback time 1100 (TUs)[+6.702] 
[+7.240] I (7414) WifiBoard: BLE delayed start timer fired, starting BLE now...
[+7.240] I (7414) BleServer: ===== BLE Initialization Start (async task) =====
[+7.240] I (7414) BleServer:   OK: BLE start task created, initialization will run asynchronously
[+7.241] I (7414) BLE_INIT: Feature Config, ADV:1, BLE_50:1, DTM:1, SCAN:1, CCA:0, SMP:1, CONNECT:1
[+7.241] I (7414) BLE_INIT: Bluetooth MAC: a0:f2:62:e4:3a:42
[+7.242] I (7414) BleServer:   OK: BT controller initialized
[+7.244] I (7414) BleServer: [2/7] Enabling BLE controller mode...
[+7.246] I (7414) BleServer:   OK: BLE controller enabled
[+7.246] I (7414) BleServer: [3/7] Initializing NimBLE host stack...
[+7.247] I (7414) BleServer:   OK: NimBLE host initialized
[+7.247] I (7414) BleServer: [4/7] Configuring NimBLE host callbacks...
[+7.247] I (7414) BleServer:   OK: Host callbacks configured (reset_cb, sync_cb)
[+7.248] I (7414) BleServer: [5/7] Registering GATT services...
[+7.248] I (7414) BleServer:   OK: GATT services registered (1 primary service, 1 characteristic)
[+7.249] I (7424) BleServer: [6/7] Initializing GAP/GATT services and store...
[+7.250] I (7424) BleServer:   OK: GAP/GATT/Store initialized
[+7.250] I (7424) BleServer: [7/7] Starting NimBLE host task...
[+7.250] I (7424) BleServer: NimBLE host task started
[+7.252] I (7424) BleServer: NimBLE host synchronized, configuring device...
[+7.252] I (7424) BleServer:   OK: BLE address ensured
[+7.252] I (7424) BleServer:   OK: Device name set to 'Xiaozhi-Compass'
[+7.254] I (7424) BleServer:   Starting advertising...
[+7.254] I (7424) BleServer: Configuring advertising data...
[+7.254] I (7424) BleServer:   OK: Adv fields set (name=Xiaozhi-Compass, flags only)
[+7.255] I (7424) BleServer: Starting advertising (undirected, general discoverable)...
[+7.255] I (7424) NimBLE: GAP procedure initiated: advertise; 
[+7.255] I (7424) NimBLE: disc_mode=2
[+7.255] I (7424) NimBLE:  adv_channel_map=7 own_addr_type=0 adv_filter_policy=0 adv_itvl_min=160 adv_itvl_max=240
[+7.257] I (7424) NimBLE: 

[+7.258] I (7424) BleServer:   OK: Advertising started successfully!
[+7.258] I (7424) BleServer:   Device: Xiaozhi-Compass (public address)
[+7.258] I (7424) BleServer:   Mode: General Discoverable, Connectable
[+7.258] I (7424) BleServer: OnSync complete - BLE is now discoverable
[+7.829] I (7994) wifi:[+7.829] state: assoc -> auth (0xb0)[+7.829] 
[+7.857] I (8024) Application: HTTP server delay finished, starting server...
[+7.858] I (8024) SdCardLogHttp: ===== HTTP Server Start =====
[+7.862] I (8034) SdCardLogHttp: [1/5] Configuring mount point: /sdcard
[+7.886] I (8054) SdCardLogHttp:   OK: Mount point set
[+7.887] I (8054) SdCardLogHttp: [2/5] Configuring HTTP server (port=8080)...
[+8.131] I (8304) SdCardLogHttp:   OK: Server started on port 8080
[+8.131] I (8304) SdCardLogHttp: [5/5] Registering URI handlers...
[+8.131] I (8304) SdCardLogHttp:   [GET] /  -> Web UI
[+8.132] I (8304) SdCardLogHttp:   OK: 29 URI handlers registered
[+8.133] I (8304) SdCardLogHttp: ===== HTTP Server Ready =====
[+8.134] I (8304) SdCardLogHttp:   Port: 8080
[+8.134] I (8304) SdCardLogHttp:   Mount: /sdcard
[+8.134] I (8304) SdCardLogHttp:   Handlers: 29
[+8.134] I (8304) Application: HTTP server start called
[+8.134] I (8304) Application: PlayUiSound (zu bytes)
[+8.135] I (8304) I2S_IF: Paired data: 0x3fce9294, current mode: playback, paired in_enable: 0, paired out_enable: 0
[+8.135] I (8304) I2S_IF: STD: TX, data_bit: 16, slot_bit: 16, ws_width: 16, slot_mode: MONO, slot_mask: 0x1
[+8.137] I (8304) I2S_IF: STD: TX, sample_rate_hz: 24000, mclk_multiple: 256, clk_src: 6
[+8.153] I (8324) Adev_Codec: Open codec device OK
[+8.153] I (8324) AudioCodec: Set output enable to true
[+8.157] I (8324) AudioService: Resampling audio from 16000 to 24000
[+8.452] I (8624) wifi:[+8.452] state: auth -> assoc (0x0)[+8.452] 
[+8.467] I (8634) wifi:[+8.468] state: assoc -> run (0x10)[+8.468] 
[+8.494] I (8664) wifi:[+8.494] connected with Zikkoy, aid = 1, channel 11, 40D, bssid = 5c:7d:ae:fb:6c:60[+8.495] 
[+8.495] I (8664) wifi:[+8.495] security: WPA3-SAE H2E, phy: bgn, rssi: -12, cipher(pairwise:0x3, group:0x3), pmf:1[+8.496] 
[+8.496] I (8664) wifi:[+8.496] pm start, type: 1
[+8.496] 
[+8.496] I (8664) wifi:[+8.496] dp: 1, bi: 102400, li: 10, scale listen interval from 1024000 us to 1024000 us[+8.497] 
[+8.497] I (8664) wifi:[+8.497] set rx beacon pti, rx_bcn_pti: 14, bcn_timeout: 25000, mt_pti: 14, mt_time: 10000[+8.497] 
[+8.522] I (8694) wifi:[+8.522] AP's beacon interval = 102400 us, DTIM period = 1[+8.524] 
[+8.617] I (8784) Application: PlayUiSound (zu bytes)
[+9.957] I (10124) Application: PlayUiSound (zu bytes)
[+10.050] I (10224) esp_netif_handlers: sta ip: 192.168.0.152, mask: 255.255.255.0, gw: 192.168.0.1
[+10.050] I (10224) WifiStation: Got IP: 192.168.0.152
[+10.050] I (10224) BleServer: BLE already running, skip start
[+10.050] I (10224) WifiBoard: Connected to WiFi: Zikkoy
[+10.134] I (10304) AttitudeDisplay: DebugInfoCard shown: title=通知 hidden=0 card_hidden=0
[+10.135] I (10304) AttitudeDisplay: DebugInfo: 通知 | 已连接 Zikkoy (hold=10000ms builtin_font=1)
[+11.873] I (12044) AttitudeDisplay: WiFi fisheye status -> 1
==== xiaozhi boot log, uptime=3.942s, sdk=v5.5.4 ====
[+3.943] I (4114) SdCardLog: SD card log redirect started, file=/sdcard/xiaozhi_boot_3.log
[+3.945] I (4114) SdCardLog:   log history: /sdcard/xiaozhi_boot_3.log
[+3.960] I (4134) waveshare_lcd_1_85: 启动日志已重定向到 TF 卡: /sdcard/xiaozhi_boot_3.log
[+4.648] I (4814) WifiStation: Found AP: Zikkoy, BSSID: 5c:7d:ae:fb:6c:60, RSSI: -11, Channel: 11, Authmode: 7
[+4.652] I (4824) WifiBoard: WiFi connecting to Zikkoy
[+4.766] W (4934) wifi:[+4.766] Password length matches WPA2 standards, authmode threshold changes from OPEN to WPA2[+4.767] 
[+5.982] I (6154) wifi:[+5.982] new:<11,2>, old:<1,0>, ap:<255,255>, sta:<11,2>, prof:1, snd_ch_cfg:0x0[+5.982] 
[+5.983] I (6154) wifi:[+5.983] state: init -> auth (0xb0)[+5.983] 
[+6.585] I (6754) wifi:[+6.585] state: auth -> assoc (0x0)[+6.585] 
[+6.592] I (6764) wifi:[+6.593] Association refused temporarily time 1000, comeback time 1100 (TUs)[+6.593] 
[+7.242] I (7414) WifiBoard: BLE delayed start timer fired, starting BLE now...
[+7.243] I (7414) BleServer: ===== BLE Initialization Start (async task) =====
[+7.243] I (7414) BleServer:   OK: BLE start task created, initialization will run asynchronously
[+7.243] I (7414) BLE_INIT: Feature Config, ADV:1, BLE_50:1, DTM:1, SCAN:1, CCA:0, SMP:1, CONNECT:1
[+7.244] I (7414) BLE_INIT: Bluetooth MAC: a0:f2:62:e4:3a:42
[+7.246] I (7414) BleServer:   OK: BT controller initialized
[+7.246] I (7414) BleServer: [2/7] Enabling BLE controller mode...
[+7.247] I (7414) BleServer:   OK: BLE controller enabled
[+7.247] I (7414) BleServer: [3/7] Initializing NimBLE host stack...
[+7.248] I (7414) BleServer:   OK: NimBLE host initialized
[+7.249] I (7414) BleServer: [4/7] Configuring NimBLE host callbacks...
[+7.249] I (7414) BleServer:   OK: Host callbacks configured (reset_cb, sync_cb)
[+7.249] I (7414) BleServer: [5/7] Registering GATT services...
[+7.250] I (7424) BleServer:   OK: GATT services registered (1 primary service, 1 characteristic)
[+7.251] I (7424) BleServer: [6/7] Initializing GAP/GATT services and store...
[+7.251] I (7424) BleServer:   OK: GAP/GATT/Store initialized
[+7.251] I (7424) BleServer: [7/7] Starting NimBLE host task...
[+7.251] I (7424) BleServer: NimBLE host task started
[+7.253] I (7424) BleServer: NimBLE host synchronized, configuring device...
[+7.253] I (7424) BleServer:   OK: BLE address ensured
[+7.255] I (7424) BleServer:   OK: Device name set to 'Xiaozhi-Compass'
[+7.255] I (7424) BleServer:   Starting advertising...
[+7.255] I (7424) BleServer: Configuring advertising data...
[+7.255] I (7424) BleServer:   OK: Adv fields set (name=Xiaozhi-Compass, flags only)
[+7.256] I (7424) BleServer: Starting advertising (undirected, general discoverable)...
[+7.256] I (7424) NimBLE: GAP procedure initiated: advertise; 
[+7.256] I (7424) NimBLE: disc_mode=2
[+7.256] I (7424) NimBLE:  adv_channel_map=7 own_addr_type=0 adv_filter_policy=0 adv_itvl_min=160 adv_itvl_max=240
[+7.258] I (7424) NimBLE: 

[+7.259] I (7424) BleServer:   OK: Advertising started successfully!
[+7.259] I (7424) BleServer:   Device: Xiaozhi-Compass (public address)
[+7.259] I (7424) BleServer:   Mode: General Discoverable, Connectable
[+7.259] I (7434) BleServer: OnSync complete - BLE is now discoverable
[+7.720] I (7894) wifi:[+7.720] state: assoc -> auth (0xb0)[+7.720] 
[+8.035] I (8204) SdCardLogHttp:   OK: Config ready (max_uri_handlers=30, stack_size=20480, timeout=10s)
[+8.036] I (8204) SdCardLogHttp: [3/5] Initializing display request queue...
[+8.037] I (8204) SdCardLogHttp: Display request queue + timer initialized (queue=4 slots, timer=50ms)
[+8.037] I (8204) SdCardLogHttp:   OK: Display request queue ready
[+8.037] I (8204) SdCardLogHttp: [4/5] Starting HTTP server...
[+8.038] I (8204) SdCardLogHttp:   OK: Server started on port 8080
[+8.039] I (8204) SdCardLogHttp: [5/5] Registering URI handlers...
[+8.039] I (8204) SdCardLogHttp:   [GET] /  -> Web UI
[+8.041] I (8214) SdCardLogHttp:   OK: 29 URI handlers registered
[+8.041] I (8214) SdCardLogHttp: ===== HTTP Server Ready =====
[+8.041] I (8214) SdCardLogHttp:   Port: 8080
[+8.041] I (8214) SdCardLogHttp:   Mount: /sdcard
[+8.042] I (8214) SdCardLogHttp:   Handlers: 29
[+8.042] I (8214) Application: HTTP server start called
[+8.042] I (8214) Application: PlayUiSound (zu bytes)
[+8.042] I (8214) I2S_IF: Paired data: 0x3fce9294, current mode: playback, paired in_enable: 0, paired out_enable: 0
[+8.045] I (8214) I2S_IF: STD: TX, data_bit: 16, slot_bit: 16, ws_width: 16, slot_mode: MONO, slot_mask: 0x1
[+8.045] I (8214) I2S_IF: STD: TX, sample_rate_hz: 24000, mclk_multiple: 256, clk_src: 6
[+8.315] I (8484) Adev_Codec: Open codec device OK
[+8.316] I (8484) wifi:[+8.316] state: auth -> assoc (0x0)[+8.316] 
[+8.318] I (8484) AudioCodec: Set output enable to true
[+8.323] I (8494) AudioService: Resampling audio from 16000 to 24000
[+8.326] I (8494) wifi:[+8.326] state: assoc -> run (0x10)[+8.328] 
[+8.353] I (8524) wifi:[+8.353] connected with Zikkoy, aid = 1, channel 11, 40D, bssid = 5c:7d:ae:fb:6c:60[+8.353] 
[+8.353] I (8524) wifi:[+8.353] security: WPA3-SAE H2E, phy: bgn, rssi: -10, cipher(pairwise:0x3, group:0x3), pmf:1[+8.354] 
[+8.354] I (8524) wifi:[+8.354] pm start, type: 1
[+8.355] 
[+8.355] I (8524) wifi:[+8.355] dp: 1, bi: 102400, li: 10, scale listen interval from 1024000 us to 1024000 us[+8.355] 
[+8.355] I (8524) wifi:[+8.355] set rx beacon pti, rx_bcn_pti: 14, bcn_timeout: 25000, mt_pti: 14, mt_time: 10000[+8.357] 
[+8.408] I (8574) wifi:[+8.408] AP's beacon interval = 102400 us, DTIM period = 1[+8.408] 
[+8.755] I (8924) Application: PlayUiSound (zu bytes)
[+9.379] I (9554) esp_netif_handlers: sta ip: 192.168.0.152, mask: 255.255.255.0, gw: 192.168.0.1
[+9.380] I (9554) WifiStation: Got IP: 192.168.0.152
[+9.380] I (9554) BleServer: BLE already running, skip start
[+9.380] I (9554) WifiBoard: Connected to WiFi: Zikkoy
[+9.431] I (9604) AttitudeDisplay: DebugInfoCard shown: title=通知 hidden=0 card_hidden=0
[+9.433] I (9604) AttitudeDisplay: DebugInfo: 通知 | 已连接 Zikkoy (hold=10000ms builtin_font=1)
[+10.095] I (10264) Application: PlayUiSound (zu bytes)
[+12.129] I (12294) AttitudeDisplay: WiFi fisheye status -> 1
==== xiaozhi boot log, uptime=3.942s, sdk=v5.5.4 ====
[+3.943] I (4112) SdCardLog: SD card log redirect started, file=/sdcard/xiaozhi_boot_3.log
[+3.944] I (4112) SdCardLog:   log history: /sdcard/xiaozhi_boot_3.log
[+3.959] I (4132) waveshare_lcd_1_85: 启动日志已重定向到 TF 卡: /sdcard/xiaozhi_boot_3.log
[+4.645] I (4812) WifiStation: Found AP: Zikkoy, BSSID: 5c:7d:ae:fb:6c:60, RSSI: -11, Channel: 11, Authmode: 7
[+4.646] I (4812) WifiBoard: WiFi connecting to Zikkoy
[+4.765] W (4932) wifi:[+4.765] Password length matches WPA2 standards, authmode threshold changes from OPEN to WPA2[+4.765] 
[+5.980] I (6152) wifi:[+5.980] new:<11,2>, old:<1,0>, ap:<255,255>, sta:<11,2>, prof:1, snd_ch_cfg:0x0[+5.980] 
[+5.980] I (6152) wifi:[+5.981] state: init -> auth (0xb0)[+5.982] 
[+6.585] I (6752) wifi:[+6.586] state: auth -> assoc (0x0)[+6.586] 
[+6.594] I (6762) wifi:[+6.594] state: assoc -> run (0x10)[+6.594] 
[+6.624] I (6792) wifi:[+6.624] connected with Zikkoy, aid = 1, channel 11, 40D, bssid = 5c:7d:ae:fb:6c:60[+6.624] 
[+6.624] I (6792) wifi:[+6.624] security: WPA3-SAE H2E, phy: bgn, rssi: -11, cipher(pairwise:0x3, group:0x3), pmf:1[+6.624] 
[+6.625] I (6792) wifi:[+6.625] pm start, type: 1
[+6.625] 
[+6.625] I (6792) wifi:[+6.625] dp: 1, bi: 102400, li: 10, scale listen interval from 1024000 us to 1024000 us[+6.626] 
[+6.627] I (6792) wifi:[+6.627] set rx beacon pti, rx_bcn_pti: 14, bcn_timeout: 25000, mt_pti: 14, mt_time: 10000[+6.627] 
[+6.713] I (6882) wifi:[+6.713] AP's beacon interval = 102400 us, DTIM period = 1[+6.713] 
[+7.240] I (7412) WifiBoard: BLE delayed start timer fired, starting BLE now...
[+7.240] I (7412) BleServer: ===== BLE Initialization Start (async task) =====
[+7.240] I (7412) BleServer:   OK: BLE start task created, initialization will run asynchronously
[+7.243] I (7412) BleServer:   OK: BLE controller enabled
[+7.243] I (7412) BleServer: [3/7] Initializing NimBLE host stack...
[+7.244] I (7412) BleServer:   OK: NimBLE host initialized
[+7.244] I (7412) BleServer: [4/7] Configuring NimBLE host callbacks...
[+7.245] I (7412) BleServer:   OK: Host callbacks configured (reset_cb, sync_cb)
[+7.245] I (7412) BleServer: [5/7] Registering GATT services...
[+7.245] I (7412) BleServer:   OK: GATT services registered (1 primary service, 1 characteristic)
[+7.246] I (7412) BleServer: [6/7] Initializing GAP/GATT services and store...
[+7.247] I (7412) BleServer:   OK: GAP/GATT/Store initialized
[+7.247] I (7412) BleServer: [7/7] Starting NimBLE host task...
[+7.247] I (7412) BleServer: NimBLE host task started
[+7.249] I (7412) BleServer: NimBLE host synchronized, configuring device...
[+7.249] I (7422) BleServer:   OK: BLE address ensured
[+7.250] I (7422) BleServer:   OK: Device name set to 'Xiaozhi-Compass'
[+7.250] I (7422) BleServer:   Starting advertising...
[+7.251] I (7422) BleServer: Configuring advertising data...
[+7.252] I (7422) BleServer:   OK: Adv fields set (name=Xiaozhi-Compass, flags only)
[+7.252] I (7422) BleServer: Starting advertising (undirected, general discoverable)...
[+7.252] I (7422) NimBLE: GAP procedure initiated: advertise; 
[+7.252] I (7422) NimBLE: disc_mode=2
[+7.253] I (7422) NimBLE:  adv_channel_map=7 own_addr_type=0 adv_filter_policy=0 adv_itvl_min=160 adv_itvl_max=240
[+7.253] I (7422) NimBLE: 

[+7.254] I (7422) BleServer:   OK: Advertising started successfully!
[+7.255] I (7422) BleServer:   Device: Xiaozhi-Compass (public address)
[+7.256] I (7422) BleServer:   Mode: General Discoverable, Connectable
[+7.256] I (7422) BleServer: OnSync complete - BLE is now discoverable
[+7.839] I (8012) Application: HTTP server delay finished, starting server...
[+7.840] I (8012) SdCardLogHttp: ===== HTTP Server Start =====
[+7.840] I (8012) SdCardLogHttp: [1/5] Configuring mount point: /sdcard
[+7.840] I (8012) SdCardLogHttp:   OK: Mount point set
[+7.842] I (8012) SdCardLogHttp: [2/5] Configuring HTTP server (port=8080)...
[+7.842] I (8012) SdCardLogHttp:   OK: Config ready (max_uri_handlers=30, stack_size=20480, timeout=10s)
[+7.842] I (8012) SdCardLogHttp: [3/5] Initializing display request queue...
[+7.842] I (8012) SdCardLogHttp: Display request queue + timer initialized (queue=4 slots, timer=50ms)
[+7.842] I (8012) SdCardLogHttp:   OK: Display request queue ready
[+7.843] I (8012) SdCardLogHttp: [4/5] Starting HTTP server...
[+7.846] I (8012) SdCardLogHttp:   OK: Server started on port 8080
[+7.846] I (8012) SdCardLogHttp: [5/5] Registering URI handlers...
[+7.846] I (8012) SdCardLogHttp:   [GET] /  -> Web UI
[+7.847] I (8012) SdCardLogHttp:   OK: 29 URI handlers registered
[+7.847] I (8012) SdCardLogHttp: ===== HTTP Server Ready =====
[+7.848] I (8012) SdCardLogHttp:   Port: 8080
[+7.848] I (8012) SdCardLogHttp:   Mount: /sdcard
[+7.848] I (8012) SdCardLogHttp:   Handlers: 29
[+7.848] I (8012) Application: HTTP server start called
[+7.850] I (8022) Application: PlayUiSound (zu bytes)
[+7.850] I (8022) I2S_IF: Paired data: 0x3fce928c, current mode: playback, paired in_enable: 0, paired out_enable: 0
[+7.851] I (8022) I2S_IF: STD: TX, data_bit: 16, slot_bit: 16, ws_width: 16, slot_mode: MONO, slot_mask: 0x1
[+7.851] I (8022) I2S_IF: STD: TX, sample_rate_hz: 24000, mclk_multiple: 256, clk_src: 6
[+7.867] I (8032) Adev_Codec: Open codec device OK
[+7.868] I (8032) AudioCodec: Set output enable to true
[+7.872] I (8042) AudioService: Resampling audio from 16000 to 24000
[+8.140] I (8312) esp_netif_handlers: sta ip: 192.168.0.152, mask: 255.255.255.0, gw: 192.168.0.1
[+8.140] I (8312) WifiStation: Got IP: 192.168.0.152
[+8.141] I (8312) BleServer: BLE already running, skip start
[+8.141] I (8312) WifiBoard: Connected to WiFi: Zikkoy
[+8.174] I (8342) AttitudeDisplay: DebugInfoCard shown: title=通知 hidden=0 card_hidden=0
[+8.174] I (8342) AttitudeDisplay: DebugInfo: 通知 | 已连接 Zikkoy (hold=10000ms builtin_font=1)
[+8.331] I (8502) Application: PlayUiSound (zu bytes)
[+9.671] I (9842) Application: PlayUiSound (zu bytes)
[+11.609] I (11782) AttitudeDisplay: WiFi fisheye status -> 1
[+12.490] I (12662) AttitudeDisplay: BLE fisheye status -> 1
[+12.490] I (12662) Application: Network connected
[+12.491] I (12662) StateMachine: State: starting -> activating
[+12.491] I (12662) Application: Creating activation task...
[+12.491] E (12662) Application: Failed to create activation task, ret=-1
[+12.491] I (12662) StateMachine: State: activating -> idle
[+12.493] I (12662) Application: PlayUiSound (zu bytes)
[+13.098] I (13262) AttitudeDisplay: DebugInfoCard shown: title=WiFi 已连接 hidden=0 card_hidden=0
[+13.098] I (13262) AttitudeDisplay: DebugInfo: WiFi 已连接 | Zikkoy (hold=5000ms builtin_font=1)
[+13.672] I (13842) AttitudeDisplay: WiFi fisheye status -> 2
[+13.682] I (13852) AttitudeDisplay: DebugInfoCard shown: title=状态 hidden=0 card_hidden=0
[+13.682] I (13852) AttitudeDisplay: DebugInfo: 状态 | 待命 (hold=5000ms builtin_font=1)
[+13.684] I (13852) AudioService: EnableWakeWordDetection called: enable=1 wake_word_=0
[+13.684] W (13852) AudioService: EnableWakeWordDetection: wake_word_ is nullptr, cannot enable
[+13.684] I (13852) AttitudeDisplay: Hiding JARVIS Watchface
[+13.789] W (13962) JarvisWatchface: Hide: LVGL lock timeout
[+22.024] I (22192) SystemInfo: free sram: 20903 minimal sram: 955
[+29.856] I (30022) AudioCodec: Set output enable to false
[+32.024] I (32192) SystemInfo: free sram: 20899 minimal sram: 955
[+42.024] I (42192) SystemInfo: free sram: 20903 minimal sram: 955
[+50.951] I (51122) wifi:[+50.951] [ADDBA]RX DELBA, reason:39, delete tid:0, initiator:1(originator)[+50.952] 
[+50.953] I (51122) wifi:[+50.953] <ba-add>idx:0 (ifx:0, 5c:7d:ae:fb:6c:60), tid:0, ssn:3, winSize:64[+50.953] 
[+52.024] I (52192) SystemInfo: free sram: 7951 minimal sram: 827
[+62.024] I (62192) SystemInfo: free sram: 21515 minimal sram: 571
[+72.024] I (72192) SystemInfo: free sram: 22783 minimal sram: 571
[+82.024] I (82192) SystemInfo: free sram: 22783 minimal sram: 571
[+92.024] I (92192) SystemInfo: free sram: 22783 minimal sram: 571
[+102.024] I (102192) SystemInfo: free sram: 22783 minimal sram: 571
[+112.024] I (112192) SystemInfo: free sram: 22783 minimal sram: 571
[+122.024] I (122192) SystemInfo: free sram: 18635 minimal sram: 571
[+132.024] I (132192) SystemInfo: free sram: 19747 minimal sram: 571
[+142.024] I (142192) SystemInfo: free sram: 20739 minimal sram: 571
[+152.024] I (152192) SystemInfo: free sram: 19255 minimal sram: 571
[+162.024] I (162192) SystemInfo: free sram: 20739 minimal sram: 571
[+172.024] I (172192) SystemInfo: free sram: 22811 minimal sram: 571
[+182.024] I (182192) SystemInfo: free sram: 22811 minimal sram: 571
[+192.024] I (192192) SystemInfo: free sram: 22807 minimal sram: 571
[+202.024] I (202192) SystemInfo: free sram: 16595 minimal sram: 571
[+212.024] I (212192) SystemInfo: free sram: 22807 minimal sram: 571
[+222.024] I (222192) SystemInfo: free sram: 22807 minimal sram: 571
[+232.024] I (232192) SystemInfo: free sram: 18659 minimal sram: 571
[+242.024] I (242192) SystemInfo: free sram: 22807 minimal sram: 571
[+252.024] I (252192) SystemInfo: free sram: 18923 minimal sram: 571
[+262.024] I (262192) SystemInfo: free sram: 18915 minimal sram: 571
[+272.024] I (272192) SystemInfo: free sram: 20735 minimal sram: 571
[+282.024] I (282192) SystemInfo: free sram: 20963 minimal sram: 571
[+292.024] I (292192) SystemInfo: free sram: 22811 minimal sram: 571
[+302.024] I (302192) SystemInfo: free sram: 22811 minimal sram: 571
[+312.024] I (312192) SystemInfo: free sram: 22811 minimal sram: 571
[+322.024] I (322192) SystemInfo: free sram: 22811 minimal sram: 571
[+332.024] I (332192) SystemInfo: free sram: 22811 minimal sram: 571
[+342.024] I (342192) SystemInfo: free sram: 19247 minimal sram: 443
[+352.024] I (352192) SystemInfo: free sram: 22807 minimal sram: 443
[+362.024] I (362192) SystemInfo: free sram: 19247 minimal sram: 443
[+372.024] I (372192) SystemInfo: free sram: 19883 minimal sram: 443
[+382.024] I (382192) SystemInfo: free sram: 20731 minimal sram: 443
[+392.024] I (392192) SystemInfo: free sram: 21535 minimal sram: 443
[+402.024] I (402192) SystemInfo: free sram: 20743 minimal sram: 443
[+412.024] I (412192) SystemInfo: free sram: 20743 minimal sram: 443
[+422.024] I (422192) SystemInfo: free sram: 22803 minimal sram: 443
[+432.024] I (432192) SystemInfo: free sram: 22803 minimal sram: 443
[+442.024] I (442192) SystemInfo: free sram: 22803 minimal sram: 443
[+452.024] I (452192) SystemInfo: free sram: 18663 minimal sram: 443
[+462.024] I (462192) SystemInfo: free sram: 22803 minimal sram: 443
[+472.024] I (472192) SystemInfo: free sram: 22803 minimal sram: 443
[+482.024] I (482192) SystemInfo: free sram: 18667 minimal sram: 443
[+492.024] I (492192) SystemInfo: free sram: 22803 minimal sram: 443
[+502.024] I (502192) SystemInfo: free sram: 19215 minimal sram: 443
[+512.024] I (512192) SystemInfo: free sram: 18915 minimal sram: 443
[+522.024] I (522192) SystemInfo: free sram: 21535 minimal sram: 443
[+532.024] I (532192) SystemInfo: free sram: 20743 minimal sram: 443
[+542.024] I (542192) SystemInfo: free sram: 22803 minimal sram: 443
[+552.024] I (552192) SystemInfo: free sram: 22803 minimal sram: 443
[+562.024] I (562192) SystemInfo: free sram: 22803 minimal sram: 443
[+572.024] I (572192) SystemInfo: free sram: 22803 minimal sram: 443
[+582.024] I (582192) SystemInfo: free sram: 22803 minimal sram: 443
[+592.024] I (592192) SystemInfo: free sram: 18927 minimal sram: 443
[+602.024] I (602192) SystemInfo: free sram: 22803 minimal sram: 443
[+612.024] I (612192) SystemInfo: free sram: 19747 minimal sram: 443
[+622.024] I (622192) SystemInfo: free sram: 17695 minimal sram: 443
[+632.024] I (632192) SystemInfo: free sram: 19675 minimal sram: 443
[+642.024] I (642192) SystemInfo: free sram: 20743 minimal sram: 443
[+652.024] I (652192) SystemInfo: free sram: 19315 minimal sram: 443
[+662.024] I (662192) SystemInfo: free sram: 19243 minimal sram: 443
[+672.024] I (672192) SystemInfo: free sram: 20743 minimal sram: 443
[+682.024] I (682192) SystemInfo: free sram: 21535 minimal sram: 443
[+692.024] I (692192) SystemInfo: free sram: 21535 minimal sram: 443
[+702.024] I (702192) SystemInfo: free sram: 22803 minimal sram: 443
==== xiaozhi boot log, uptime=3.942s, sdk=v5.5.4 ====
[+3.943] I (4113) SdCardLog: SD card log redirect started, file=/sdcard/xiaozhi_boot_3.log
[+3.944] I (4113) SdCardLog:   log history: /sdcard/xiaozhi_boot_3.log
[+3.960] I (4133) waveshare_lcd_1_85: 启动日志已重定向到 TF 卡: /sdcard/xiaozhi_boot_3.log
[+4.662] I (4833) WifiStation: Found AP: Zikkoy, BSSID: 5c:7d:ae:fb:6c:60, RSSI: -17, Channel: 11, Authmode: 7
[+4.662] I (4833) WifiBoard: WiFi connecting to Zikkoy
[+4.765] W (4933) wifi:[+4.765] Password length matches WPA2 standards, authmode threshold changes from OPEN to WPA2[+4.765] 
[+5.980] I (6153) wifi:[+5.981] new:<11,2>, old:<1,0>, ap:<255,255>, sta:<11,2>, prof:1, snd_ch_cfg:0x0[+5.981] 
[+5.981] I (6153) wifi:[+5.981] state: init -> auth (0xb0)[+5.981] 
[+6.572] I (6743) wifi:[+6.573] state: auth -> assoc (0x0)[+6.573] 
[+6.579] I (6743) wifi:[+6.579] Association refused temporarily time 1000, comeback time 1100 (TUs)[+6.579] 
[+7.256] I (7423) WifiBoard: BLE delayed start timer fired, starting BLE now...
[+7.256] I (7423) BleServer: ===== BLE Initialization Start (async task) =====
[+7.256] I (7423) BleServer:   OK: BLE start task created, initialization will run asynchronously
[+7.257] I (7423) BLE_INIT: Feature Config, ADV:1, BLE_50:1, DTM:1, SCAN:1, CCA:0, SMP:1, CONNECT:1
[+7.258] E (7423) BLE_INIT: Malloc failed
[+7.259] E (7423) BLE_INIT: esp_bt_controller_init -4

[+7.259] E (7423) BleServer:   FAILED: esp_bt_controller_init: ESP_ERR_NO_MEM
[+7.706] I (7873) wifi:[+7.706] state: assoc -> auth (0xb0)[+7.706] 
[+7.999] I (8163) SdCardLogHttp:   OK: Config ready (max_uri_handlers=30, stack_size=20480, timeout=10s)
[+7.999] I (8173) SdCardLogHttp: [3/5] Initializing display request queue...
[+7.999] I (8173) SdCardLogHttp: Display request queue + timer initialized (queue=4 slots, timer=50ms)
[+8.001] I (8173) SdCardLogHttp:   OK: Display request queue ready
[+8.001] I (8173) SdCardLogHttp: [4/5] Starting HTTP server...
[+8.002] I (8173) SdCardLogHttp:   OK: Server started on port 8080
[+8.002] I (8173) SdCardLogHttp: [5/5] Registering URI handlers...
[+8.003] I (8173) SdCardLogHttp:   [GET] /  -> Web UI
[+8.004] I (8173) SdCardLogHttp:   OK: 29 URI handlers registered
[+8.004] I (8173) SdCardLogHttp: ===== HTTP Server Ready =====
[+8.004] I (8173) SdCardLogHttp:   Port: 8080
[+8.006] I (8173) SdCardLogHttp:   Mount: /sdcard
[+8.007] I (8173) SdCardLogHttp:   Handlers: 29
[+8.007] I (8173) Application: HTTP server start called
[+8.007] I (8173) Application: PlayUiSound (zu bytes)
[+8.008] I (8173) I2S_IF: Paired data: 0x3fcf22ac, current mode: playback, paired in_enable: 0, paired out_enable: 0
[+8.008] I (8173) I2S_IF: STD: TX, data_bit: 16, slot_bit: 16, ws_width: 16, slot_mode: MONO, slot_mask: 0x1
[+8.008] I (8173) I2S_IF: STD: TX, sample_rate_hz: 24000, mclk_multiple: 256, clk_src: 6
[+8.026] I (8193) Adev_Codec: Open codec device OK
[+8.027] I (8193) AudioCodec: Set output enable to true
[+8.031] I (8203) AudioService: Resampling audio from 16000 to 24000
[+8.317] I (8483) wifi:[+8.317] state: auth -> assoc (0x0)[+8.317] 
[+8.326] I (8493) wifi:[+8.326] state: assoc -> run (0x10)[+8.327] 
[+8.348] I (8513) wifi:[+8.348] connected with Zikkoy, aid = 1, channel 11, 40D, bssid = 5c:7d:ae:fb:6c:60[+8.349] 
[+8.349] I (8513) wifi:[+8.349] security: WPA3-SAE H2E, phy: bgn, rssi: -19, cipher(pairwise:0x3, group:0x3), pmf:1[+8.350] 
[+8.351] I (8523) wifi:[+8.351] pm start, type: 1
[+8.351] 
[+8.351] I (8523) wifi:[+8.351] dp: 1, bi: 102400, li: 10, scale listen interval from 1024000 us to 1024000 us[+8.351] 
[+8.352] I (8523) wifi:[+8.352] set rx beacon pti, rx_bcn_pti: 14, bcn_timeout: 25000, mt_pti: 14, mt_time: 10000[+8.352] 
[+8.408] I (8573) wifi:[+8.408] AP's beacon interval = 102400 us, DTIM period = 1[+8.408] 
[+8.490] I (8663) Application: PlayUiSound (zu bytes)
[+9.830] I (10003) Application: PlayUiSound (zu bytes)
[+9.869] I (10043) esp_netif_handlers: sta ip: 192.168.0.152, mask: 255.255.255.0, gw: 192.168.0.1
[+9.870] I (10043) WifiStation: Got IP: 192.168.0.152
[+9.870] I (10043) BleServer: ===== BLE Initialization Start (async task) =====
[+9.870] I (10043) BleServer:   OK: BLE start task created, initialization will run asynchronously
[+9.871] I (10043) WifiBoard: Connected to WiFi: Zikkoy
[+9.871] I (10043) BLE_INIT: Feature Config, ADV:1, BLE_50:1, DTM:1, SCAN:1, CCA:0, SMP:1, CONNECT:1
[+9.873] E (10043) BLE_INIT: Malloc failed
[+9.873] E (10043) BLE_INIT: Malloc failed
[+9.873] E (10043) BLE_INIT: Malloc failed
[+9.873] E (10043) BLE_INIT: esp_bt_controller_init -4

[+9.874] E (10043) BleServer:   FAILED: esp_bt_controller_init: ESP_ERR_NO_MEM
[+9.953] I (10123) AttitudeDisplay: DebugInfoCard shown: title=通知 hidden=0 card_hidden=0
[+9.953] I (10123) AttitudeDisplay: DebugInfo: 通知 | 已连接 Zikkoy (hold=10000ms builtin_font=1)
[+11.909] I (12073) AttitudeDisplay: WiFi fisheye status -> 1
[+11.910] I (12083) Application: Network connected
[+11.910] I (12083) StateMachine: State: starting -> activating
[+11.911] I (12083) Application: Waking up pre-created activation task
[+11.911] I (12083) Application: Activation task started
[+11.911] I (12083) Application: ActivationTask: Creating OTA object...
[+11.911] I (12083) Application: ActivationTask: OTA object created
[+11.911] I (12083) Application: ActivationTask: Checking assets version...
[+11.911] I (12083) Assets: The storage free size is 19648 KB
[+11.913] I (12083) Assets: The partition size is 3968 KB
==== xiaozhi boot log, uptime=3.942s, sdk=v5.5.4 ====
[+3.943] I (4114) SdCardLog: SD card log redirect started, file=/sdcard/xiaozhi_boot_3.log
[+3.944] I (4114) SdCardLog:   log history: /sdcard/xiaozhi_boot_3.log
[+3.960] I (4134) waveshare_lcd_1_85: 启动日志已重定向到 TF 卡: /sdcard/xiaozhi_boot_3.log
[+4.661] I (4834) WifiStation: Found AP: Zikkoy, BSSID: 5c:7d:ae:fb:6c:60, RSSI: -17, Channel: 11, Authmode: 7
[+4.663] I (4834) WifiBoard: WiFi connecting to Zikkoy
[+4.765] W (4934) wifi:[+4.765] Password length matches WPA2 standards, authmode threshold changes from OPEN to WPA2[+4.765] 
[+5.980] I (6154) wifi:[+5.981] new:<11,2>, old:<1,0>, ap:<255,255>, sta:<11,2>, prof:1, snd_ch_cfg:0x0[+5.981] 
[+5.981] I (6154) wifi:[+5.981] state: init -> auth (0xb0)[+5.981] 
[+6.591] I (6764) wifi:[+6.591] state: auth -> assoc (0x0)[+6.591] 
[+6.597] I (6764) wifi:[+6.597] Association refused temporarily time 1000, comeback time 1100 (TUs)[+6.600] 
[+7.256] I (7424) WifiBoard: BLE delayed start timer fired, starting BLE now...
[+7.256] I (7424) BleServer: ===== BLE Initialization Start (async task) =====
[+7.256] I (7424) BleServer:   OK: BLE start task created, initialization will run asynchronously
[+7.256] I (7424) BLE_INIT: Feature Config, ADV:1, BLE_50:1, DTM:1, SCAN:1, CCA:0, SMP:1, CONNECT:1
[+7.257] E (7424) BLE_INIT: Malloc failed
[+7.257] E (7424) BLE_INIT: esp_bt_controller_init -4

[+7.257] E (7424) BleServer:   FAILED: esp_bt_controller_init: ESP_ERR_NO_MEM
[+7.727] I (7894) wifi:[+7.727] state: assoc -> auth (0xb0)[+7.727] 
[+8.037] I (8204) SdCardLogHttp:   OK: Config ready (max_uri_handlers=30, stack_size=20480, timeout=10s)
[+8.037] I (8204) SdCardLogHttp: [3/5] Initializing display request queue...
[+8.037] I (8204) SdCardLogHttp: Display request queue + timer initialized (queue=4 slots, timer=50ms)
[+8.037] I (8204) SdCardLogHttp:   OK: Display request queue ready
[+8.037] I (8204) SdCardLogHttp: [4/5] Starting HTTP server...
[+8.040] I (8214) SdCardLogHttp:   OK: Server started on port 8080
[+8.040] I (8214) SdCardLogHttp: [5/5] Registering URI handlers...
[+8.040] I (8214) SdCardLogHttp:   [GET] /  -> Web UI
[+8.041] I (8214) SdCardLogHttp:   OK: 29 URI handlers registered
[+8.041] I (8214) SdCardLogHttp: ===== HTTP Server Ready =====
[+8.041] I (8214) SdCardLogHttp:   Port: 8080
[+8.042] I (8214) SdCardLogHttp:   Mount: /sdcard
[+8.042] I (8214) SdCardLogHttp:   Handlers: 29
[+8.042] I (8214) Application: HTTP server start called
[+8.043] I (8214) Application: PlayUiSound (zu bytes)
[+8.044] I (8214) I2S_IF: Paired data: 0x3fcf22ac, current mode: playback, paired in_enable: 0, paired out_enable: 0
[+8.044] I (8214) I2S_IF: STD: TX, data_bit: 16, slot_bit: 16, ws_width: 16, slot_mode: MONO, slot_mask: 0x1
[+8.044] I (8214) I2S_IF: STD: TX, sample_rate_hz: 24000, mclk_multiple: 256, clk_src: 6
[+8.060] I (8234) Adev_Codec: Open codec device OK
[+8.061] I (8234) AudioCodec: Set output enable to true
[+8.066] I (8234) AudioService: Resampling audio from 16000 to 24000
[+8.339] I (8514) wifi:[+8.340] state: auth -> assoc (0x0)[+8.340] 
[+8.348] I (8514) wifi:[+8.348] state: assoc -> run (0x10)[+8.348] 
[+8.379] I (8544) wifi:[+8.379] connected with Zikkoy, aid = 1, channel 11, 40D, bssid = 5c:7d:ae:fb:6c:60[+8.379] 
[+8.379] I (8554) wifi:[+8.380] security: WPA3-SAE H2E, phy: bgn, rssi: -17, cipher(pairwise:0x3, group:0x3), pmf:1[+8.380] 
[+8.380] I (8554) wifi:[+8.380] pm start, type: 1
[+8.382] 
[+8.382] I (8554) wifi:[+8.382] dp: 1, bi: 102400, li: 10, scale listen interval from 1024000 us to 1024000 us[+8.382] 
[+8.382] I (8554) wifi:[+8.382] set rx beacon pti, rx_bcn_pti: 14, bcn_timeout: 25000, mt_pti: 14, mt_time: 10000[+8.382] 
[+8.420] I (8594) wifi:[+8.420] AP's beacon interval = 102400 us, DTIM period = 1[+8.420] 
[+8.525] I (8694) Application: PlayUiSound (zu bytes)
[+9.865] I (10034) Application: PlayUiSound (zu bytes)
[+9.899] I (10074) esp_netif_handlers: sta ip: 192.168.0.152, mask: 255.255.255.0, gw: 192.168.0.1
[+9.901] I (10074) WifiStation: Got IP: 192.168.0.152
[+9.901] I (10074) BleServer: ===== BLE Initialization Start (async task) =====
[+9.902] I (10074) BleServer:   OK: BLE start task created, initialization will run asynchronously
[+9.902] I (10074) WifiBoard: Connected to WiFi: Zikkoy
[+9.902] I (10074) BLE_INIT: Feature Config, ADV:1, BLE_50:1, DTM:1, SCAN:1, CCA:0, SMP:1, CONNECT:1
[+9.902] E (10074) BLE_INIT: Malloc failed
[+9.903] E (10074) BLE_INIT: Malloc failed
[+9.904] E (10074) BLE_INIT: Malloc failed
[+9.904] E (10074) BLE_INIT: esp_bt_controller_init -4

[+9.904] E (10074) BleServer:   FAILED: esp_bt_controller_init: ESP_ERR_NO_MEM
[+10.027] I (10194) AttitudeDisplay: DebugInfoCard shown: title=通知 hidden=0 card_hidden=0
[+10.028] I (10194) AttitudeDisplay: DebugInfo: 通知 | 已连接 Zikkoy (hold=10000ms builtin_font=1)
==== xiaozhi boot log, uptime=3.942s, sdk=v5.5.4 ====
[+3.943] I (4114) SdCardLog: SD card log redirect started, file=/sdcard/xiaozhi_boot_3.log
[+3.945] I (4114) SdCardLog:   log history: /sdcard/xiaozhi_boot_3.log
[+3.961] I (4134) waveshare_lcd_1_85: 启动日志已重定向到 TF 卡: /sdcard/xiaozhi_boot_3.log
[+4.661] I (4834) WifiStation: Found AP: Zikkoy, BSSID: 5c:7d:ae:fb:6c:60, RSSI: -18, Channel: 11, Authmode: 7
[+4.661] I (4834) WifiBoard: WiFi connecting to Zikkoy
[+4.765] W (4934) wifi:[+4.765] Password length matches WPA2 standards, authmode threshold changes from OPEN to WPA2[+4.765] 
[+5.980] I (6154) wifi:[+5.981] new:<11,2>, old:<1,0>, ap:<255,255>, sta:<11,2>, prof:1, snd_ch_cfg:0x0[+5.982] 
[+5.983] I (6154) wifi:[+5.983] state: init -> auth (0xb0)[+5.983] 
[+6.570] I (6744) wifi:[+6.571] state: auth -> assoc (0x0)[+6.571] 
[+6.576] I (6744) wifi:[+6.576] Association refused temporarily time 1000, comeback time 1100 (TUs)[+6.577] 
[+7.251] I (7424) WifiBoard: BLE delayed start timer fired, starting BLE now...
[+7.252] I (7424) BleServer: ===== BLE Initialization Start (async task) =====
[+7.252] I (7424) BleServer:   OK: BLE start task created, initialization will run asynchronously
[+7.703] I (7874) wifi:[+7.704] state: assoc -> auth (0xb0)[+7.704] 
[+7.997] I (8164) SdCardLogHttp:   OK: Config ready (max_uri_handlers=30, stack_size=20480, timeout=10s)
[+7.997] I (8164) SdCardLogHttp: [3/5] Initializing display request queue...
[+7.998] I (8164) SdCardLogHttp: Display request queue + timer initialized (queue=4 slots, timer=50ms)
[+7.998] I (8164) SdCardLogHttp:   OK: Display request queue ready
[+7.998] I (8164) SdCardLogHttp: [4/5] Starting HTTP server...
[+8.000] I (8174) SdCardLogHttp:   OK: Server started on port 8080
[+8.000] I (8174) SdCardLogHttp: [5/5] Registering URI handlers...
[+8.000] I (8174) SdCardLogHttp:   [GET] /  -> Web UI
[+8.001] I (8174) SdCardLogHttp:   OK: 29 URI handlers registered
[+8.002] I (8174) SdCardLogHttp: ===== HTTP Server Ready =====
[+8.002] I (8174) SdCardLogHttp:   Port: 8080
[+8.002] I (8174) SdCardLogHttp:   Mount: /sdcard
[+8.002] I (8174) SdCardLogHttp:   Handlers: 29
[+8.002] I (8174) Application: HTTP server start called
[+8.004] I (8174) Application: PlayUiSound (zu bytes)
[+8.004] I (8174) I2S_IF: Paired data: 0x3fcf22ac, current mode: playback, paired in_enable: 0, paired out_enable: 0
[+8.005] I (8174) I2S_IF: STD: TX, data_bit: 16, slot_bit: 16, ws_width: 16, slot_mode: MONO, slot_mask: 0x1
[+8.005] I (8174) I2S_IF: STD: TX, sample_rate_hz: 24000, mclk_multiple: 256, clk_src: 6
[+8.022] I (8194) Adev_Codec: Open codec device OK
[+8.023] I (8194) AudioCodec: Set output enable to true
[+8.028] I (8194) AudioService: Resampling audio from 16000 to 24000
[+8.309] I (8474) wifi:[+8.309] state: auth -> assoc (0x0)[+8.309] 
[+8.327] I (8494) wifi:[+8.327] state: assoc -> run (0x10)[+8.327] 
[+8.354] I (8524) wifi:[+8.354] connected with Zikkoy, aid = 1, channel 11, 40D, bssid = 5c:7d:ae:fb:6c:60[+8.354] 
[+8.354] I (8524) wifi:[+8.355] security: WPA3-SAE H2E, phy: bgn, rssi: -19, cipher(pairwise:0x3, group:0x3), pmf:1[+8.355] 
[+8.355] I (8524) wifi:[+8.355] pm start, type: 1
[+8.355] 
[+8.357] I (8524) wifi:[+8.357] dp: 1, bi: 102400, li: 10, scale listen interval from 1024000 us to 1024000 us[+8.357] 
[+8.357] I (8524) wifi:[+8.357] set rx beacon pti, rx_bcn_pti: 14, bcn_timeout: 25000, mt_pti: 14, mt_time: 10000[+8.357] 
[+8.456] I (8624) wifi:[+8.456] AP's beacon interval = 102400 us, DTIM period = 1[+8.456] 
[+8.486] I (8654) Application: PlayUiSound (zu bytes)
[+9.826] I (9994) Application: PlayUiSound (zu bytes)
[+9.879] I (10054) esp_netif_handlers: sta ip: 192.168.0.152, mask: 255.255.255.0, gw: 192.168.0.1
[+9.881] I (10054) WifiStation: Got IP: 192.168.0.152
[+9.881] I (10054) BleServer: ===== BLE Initialization Start (async task) =====
[+9.882] I (10054) BleServer:   OK: BLE start task created, initialization will run asynchronously
[+9.882] I (10054) WifiBoard: Connected to WiFi: Zikkoy
[+9.882] I (10054) BLE_INIT: Feature Config, ADV:1, BLE_50:1, DTM:1, SCAN:1, CCA:0, SMP:1, CONNECT:1
[+9.882] E (10054) BLE_INIT: Malloc failed
[+9.883] E (10054) BLE_INIT: Malloc failed
[+9.883] E (10054) BLE_INIT: Malloc failed
[+9.884] E (10054) BLE_INIT: esp_bt_controller_init -4

[+9.884] E (10054) BleServer:   FAILED: esp_bt_controller_init: ESP_ERR_NO_MEM
[+9.954] I (10124) AttitudeDisplay: DebugInfoCard shown: title=通知 hidden=0 card_hidden=0
[+9.955] I (10124) AttitudeDisplay: DebugInfo: 通知 | 已连接 Zikkoy (hold=10000ms builtin_font=1)
[+11.911] I (12084) AttitudeDisplay: WiFi fisheye status -> 1
[+11.911] I (12084) Application: Network connected
[+11.911] I (12084) StateMachine: State: starting -> activating
[+11.913] I (12084) Application: Waking up pre-created activation task
[+11.913] I (12084) Application: Activation task started
[+11.913] I (12084) Application: ActivationTask: Creating OTA object...
[+11.914] I (12084) Application: ActivationTask: OTA object created
[+11.914] I (12084) Application: ActivationTask: Checking assets version...
[+11.914] I (12084) Assets: The storage free size is 19648 KB
[+11.914] I (12084) Assets: The partition size is 3968 KB
==== xiaozhi boot log, uptime=3.942s, sdk=v5.5.4 ====
[+3.944] I (4114) SdCardLog: SD card log redirect started, file=/sdcard/xiaozhi_boot_3.log
[+3.945] I (4114) SdCardLog:   log history: /sdcard/xiaozhi_boot_3.log
[+3.961] I (4134) waveshare_lcd_1_85: 启动日志已重定向到 TF 卡: /sdcard/xiaozhi_boot_3.log
[+4.661] I (4834) WifiStation: Found AP: Zikkoy, BSSID: 5c:7d:ae:fb:6c:60, RSSI: -18, Channel: 11, Authmode: 7
[+4.662] I (4834) WifiBoard: WiFi connecting to Zikkoy
[+4.765] W (4934) wifi:[+4.765] Password length matches WPA2 standards, authmode threshold changes from OPEN to WPA2[+4.767] 
[+5.982] I (6154) wifi:[+5.982] new:<11,2>, old:<1,0>, ap:<255,255>, sta:<11,2>, prof:1, snd_ch_cfg:0x0[+5.982] 
[+5.983] I (6154) wifi:[+5.983] state: init -> auth (0xb0)[+5.983] 
[+6.608] I (6774) wifi:[+6.608] state: auth -> assoc (0x0)[+6.608] 
[+6.614] I (6784) wifi:[+6.614] Association refused temporarily time 1000, comeback time 1100 (TUs)[+6.614] 
[+7.255] I (7424) WifiBoard: BLE delayed start timer fired, starting BLE now...
[+7.257] I (7424) BleServer: ===== BLE Initialization Start (async task) =====
[+7.257] I (7424) BleServer:   OK: BLE start task created, initialization will run asynchronously
[+7.257] I (7424) BLE_INIT: Feature Config, ADV:1, BLE_50:1, DTM:1, SCAN:1, CCA:0, SMP:1, CONNECT:1
[+7.258] E (7424) BLE_INIT: Malloc failed
[+7.258] E (7424) BLE_INIT: esp_bt_controller_init -4

[+7.258] E (7424) BleServer:   FAILED: esp_bt_controller_init: ESP_ERR_NO_MEM
[+7.741] I (7914) wifi:[+7.741] state: assoc -> auth (0xb0)[+7.742] 
[+8.052] I (8224) SdCardLogHttp:   OK: Config ready (max_uri_handlers=30, stack_size=20480, timeout=10s)
[+8.053] I (8224) SdCardLogHttp: [3/5] Initializing display request queue...
[+8.053] I (8224) SdCardLogHttp: Display request queue + timer initialized (queue=4 slots, timer=50ms)
[+8.053] I (8224) SdCardLogHttp:   OK: Display request queue ready
[+8.053] I (8224) SdCardLogHttp: [4/5] Starting HTTP server...
[+8.055] I (8224) SdCardLogHttp:   OK: Server started on port 8080
[+8.055] I (8224) SdCardLogHttp: [5/5] Registering URI handlers...
[+8.056] I (8224) SdCardLogHttp:   [GET] /  -> Web UI
[+8.057] I (8224) SdCardLogHttp:   OK: 29 URI handlers registered
[+8.057] I (8224) SdCardLogHttp: ===== HTTP Server Ready =====
[+8.057] I (8224) SdCardLogHttp:   Port: 8080
[+8.057] I (8224) SdCardLogHttp:   Mount: /sdcard
[+8.057] I (8224) SdCardLogHttp:   Handlers: 29
[+8.058] I (8224) Application: HTTP server start called
[+8.058] I (8224) Application: PlayUiSound (zu bytes)
[+8.058] I (8224) I2S_IF: Paired data: 0x3fcf22ac, current mode: playback, paired in_enable: 0, paired out_enable: 0
[+8.060] I (8234) I2S_IF: STD: TX, data_bit: 16, slot_bit: 16, ws_width: 16, slot_mode: MONO, slot_mask: 0x1
[+8.060] I (8234) I2S_IF: STD: TX, sample_rate_hz: 24000, mclk_multiple: 256, clk_src: 6
[+8.076] I (8244) Adev_Codec: Open codec device OK
[+8.077] I (8244) AudioCodec: Set output enable to true
[+8.081] I (8254) AudioService: Resampling audio from 16000 to 24000
[+8.348] I (8514) wifi:[+8.348] state: auth -> assoc (0x0)[+8.351] 
[+8.362] I (8534) wifi:[+8.363] state: assoc -> run (0x10)[+8.363] 
[+8.388] I (8554) wifi:[+8.388] connected with Zikkoy, aid = 1, channel 11, 40D, bssid = 5c:7d:ae:fb:6c:60[+8.388] 
[+8.388] I (8554) wifi:[+8.388] security: WPA3-SAE H2E, phy: bgn, rssi: -19, cipher(pairwise:0x3, group:0x3), pmf:1[+8.388] 
[+8.389] I (8554) wifi:[+8.389] pm start, type: 1
[+8.389] 
[+8.389] I (8554) wifi:[+8.389] dp: 1, bi: 102400, li: 10, scale listen interval from 1024000 us to 1024000 us[+8.389] 
[+8.391] I (8564) wifi:[+8.391] set rx beacon pti, rx_bcn_pti: 14, bcn_timeout: 25000, mt_pti: 14, mt_time: 10000[+8.391] 
[+8.467] I (8634) wifi:[+8.468] AP's beacon interval = 102400 us, DTIM period = 1[+8.468] 
[+8.541] I (8714) Application: PlayUiSound (zu bytes)
[+9.881] I (10054) Application: PlayUiSound (zu bytes)
[+9.909] I (10084) esp_netif_handlers: sta ip: 192.168.0.152, mask: 255.255.255.0, gw: 192.168.0.1
[+9.910] I (10084) WifiStation: Got IP: 192.168.0.152
[+9.910] I (10084) BleServer: ===== BLE Initialization Start (async task) =====
[+9.912] I (10084) BleServer:   OK: BLE start task created, initialization will run asynchronously
[+9.912] I (10084) WifiBoard: Connected to WiFi: Zikkoy
[+9.912] I (10084) BLE_INIT: Feature Config, ADV:1, BLE_50:1, DTM:1, SCAN:1, CCA:0, SMP:1, CONNECT:1
[+9.912] E (10084) BLE_INIT: Malloc failed
[+9.913] E (10084) BLE_INIT: Malloc failed
[+9.913] E (10084) BLE_INIT: Malloc failed
[+9.913] E (10084) BLE_INIT: esp_bt_controller_init -4

[+9.913] E (10084) BleServer:   FAILED: esp_bt_controller_init: ESP_ERR_NO_MEM
[+10.038] I (10204) AttitudeDisplay: DebugInfoCard shown: title=通知 hidden=0 card_hidden=0
[+10.039] I (10204) AttitudeDisplay: DebugInfo: 通知 | 已连接 Zikkoy (hold=10000ms builtin_font=1)
==== xiaozhi boot log, uptime=3.942s, sdk=v5.5.4 ====
[+3.943] I (4114) SdCardLog: SD card log redirect started, file=/sdcard/xiaozhi_boot_3.log
[+3.944] I (4114) SdCardLog:   log history: /sdcard/xiaozhi_boot_3.log
[+3.959] I (4134) waveshare_lcd_1_85: 启动日志已重定向到 TF 卡: /sdcard/xiaozhi_boot_3.log
[+4.661] I (4834) WifiStation: Found AP: Zikkoy, BSSID: 5c:7d:ae:fb:6c:60, RSSI: -17, Channel: 11, Authmode: 7
[+4.661] I (4834) WifiBoard: WiFi connecting to Zikkoy
[+4.765] W (4934) wifi:[+4.765] Password length matches WPA2 standards, authmode threshold changes from OPEN to WPA2[+4.765] 
[+5.980] I (6154) wifi:[+5.981] new:<11,2>, old:<1,0>, ap:<255,255>, sta:<11,2>, prof:1, snd_ch_cfg:0x0[+5.981] 
[+5.981] I (6154) wifi:[+5.981] state: init -> auth (0xb0)[+5.983] 
[+6.582] I (6754) wifi:[+6.582] state: auth -> assoc (0x0)[+6.582] 
[+6.587] I (6754) wifi:[+6.587] Association refused temporarily time 1000, comeback time 1100 (TUs)[+6.587] 
[+7.251] I (7424) WifiBoard: BLE delayed start timer fired, starting BLE now...
[+7.251] I (7424) BleServer: ===== BLE Initialization Start (async task) =====
[+7.252] I (7424) BleServer:   OK: BLE start task created, initialization will run asynchronously
[+7.252] I (7424) BLE_INIT: Feature Config, ADV:1, BLE_50:1, DTM:1, SCAN:1, CCA:0, SMP:1, CONNECT:1
[+7.254] E (7424) BLE_INIT: Malloc failed
[+7.254] E (7424) BLE_INIT: esp_bt_controller_init -4

[+7.254] E (7424) BleServer:   FAILED: esp_bt_controller_init: ESP_ERR_NO_MEM
[+7.714] I (7884) wifi:[+7.714] state: assoc -> auth (0xb0)[+7.715] 
[+8.028] I (8194) SdCardLogHttp:   OK: Config ready (max_uri_handlers=30, stack_size=20480, timeout=10s)
[+8.028] I (8194) SdCardLogHttp: [3/5] Initializing display request queue...
[+8.028] I (8194) SdCardLogHttp: Display request queue + timer initialized (queue=4 slots, timer=50ms)
[+8.030] I (8204) SdCardLogHttp:   OK: Display request queue ready
[+8.030] I (8204) SdCardLogHttp: [4/5] Starting HTTP server...
[+8.031] I (8204) SdCardLogHttp:   OK: Server started on port 8080
[+8.031] I (8204) SdCardLogHttp: [5/5] Registering URI handlers...
[+8.031] I (8204) SdCardLogHttp:   [GET] /  -> Web UI
[+8.032] I (8204) SdCardLogHttp:   OK: 29 URI handlers registered
[+8.032] I (8204) SdCardLogHttp: ===== HTTP Server Ready =====
[+8.033] I (8204) SdCardLogHttp:   Port: 8080
[+8.034] I (8204) SdCardLogHttp:   Mount: /sdcard
[+8.034] I (8204) SdCardLogHttp:   Handlers: 29
[+8.034] I (8204) Application: HTTP server start called
[+8.034] I (8204) Application: PlayUiSound (zu bytes)
[+8.035] I (8204) I2S_IF: Paired data: 0x3fcf22ac, current mode: playback, paired in_enable: 0, paired out_enable: 0
[+8.035] I (8204) I2S_IF: STD: TX, data_bit: 16, slot_bit: 16, ws_width: 16, slot_mode: MONO, slot_mask: 0x1
[+8.035] I (8204) I2S_IF: STD: TX, sample_rate_hz: 24000, mclk_multiple: 256, clk_src: 6
[+8.053] I (8224) Adev_Codec: Open codec device OK
[+8.053] I (8224) AudioCodec: Set output enable to true
[+8.306] I (8474) wifi:[+8.307] state: auth -> assoc (0x0)[+8.307] 
[+8.309] I (8474) AudioService: Resampling audio from 16000 to 24000
[+8.323] I (8494) wifi:[+8.324] state: assoc -> run (0x10)[+8.324] 
[+8.351] I (8524) wifi:[+8.351] connected with Zikkoy, aid = 1, channel 11, 40D, bssid = 5c:7d:ae:fb:6c:60[+8.351] 
[+8.351] I (8524) wifi:[+8.352] security: WPA3-SAE H2E, phy: bgn, rssi: -17, cipher(pairwise:0x3, group:0x3), pmf:1[+8.353] 
[+8.354] I (8524) wifi:[+8.354] pm start, type: 1
[+8.354] 
[+8.354] I (8524) wifi:[+8.354] dp: 1, bi: 102400, li: 10, scale listen interval from 1024000 us to 1024000 us[+8.354] 
[+8.354] I (8524) wifi:[+8.354] set rx beacon pti, rx_bcn_pti: 14, bcn_timeout: 25000, mt_pti: 14, mt_time: 10000[+8.355] 
[+8.394] I (8564) wifi:[+8.395] AP's beacon interval = 102400 us, DTIM period = 1[+8.395] 
[+8.737] I (8904) Application: PlayUiSound (zu bytes)
[+9.880] I (10054) esp_netif_handlers: sta ip: 192.168.0.152, mask: 255.255.255.0, gw: 192.168.0.1
[+9.880] I (10054) WifiStation: Got IP: 192.168.0.152
[+9.880] I (10054) BleServer: ===== BLE Initialization Start (async task) =====
[+9.881] I (10054) BleServer:   OK: BLE start task created, initialization will run asynchronously
[+9.881] I (10054) WifiBoard: Connected to WiFi: Zikkoy
[+9.881] I (10054) BLE_INIT: Feature Config, ADV:1, BLE_50:1, DTM:1, SCAN:1, CCA:0, SMP:1, CONNECT:1
[+9.883] E (10054) BLE_INIT: Malloc failed
[+9.883] E (10054) BLE_INIT: Malloc failed
[+9.883] E (10054) BLE_INIT: esp_bt_controller_init -4

[+9.884] E (10054) BleServer:   FAILED: esp_bt_controller_init: ESP_ERR_NO_MEM
[+10.034] I (10204) AttitudeDisplay: DebugInfoCard shown: title=通知 hidden=0 card_hidden=0
[+10.035] I (10204) AttitudeDisplay: DebugInfo: 通知 | 已连接 Zikkoy (hold=10000ms builtin_font=1)
[+10.117] I (10284) Application: PlayUiSound (zu bytes)
==== xiaozhi boot log, uptime=3.942s, sdk=v5.5.4 ====
[+3.944] I (4114) SdCardLog: SD card log redirect started, file=/sdcard/xiaozhi_boot_3.log
[+3.946] I (4114) SdCardLog:   log history: /sdcard/xiaozhi_boot_3.log
[+3.961] I (4134) waveshare_lcd_1_85: 启动日志已重定向到 TF 卡: /sdcard/xiaozhi_boot_3.log
[+4.660] I (4834) WifiStation: Found AP: Zikkoy, BSSID: 5c:7d:ae:fb:6c:60, RSSI: -18, Channel: 11, Authmode: 7
[+4.661] I (4834) WifiBoard: WiFi connecting to Zikkoy
[+4.765] W (4934) wifi:[+4.765] Password length matches WPA2 standards, authmode threshold changes from OPEN to WPA2[+4.769] 
[+5.984] I (6154) wifi:[+5.985] new:<11,2>, old:<1,0>, ap:<255,255>, sta:<11,2>, prof:1, snd_ch_cfg:0x0[+5.985] 
[+5.985] I (6154) wifi:[+5.985] state: init -> auth (0xb0)[+5.986] 
[+6.581] I (6754) wifi:[+6.582] state: auth -> assoc (0x0)[+6.582] 
[+6.587] I (6754) wifi:[+6.587] Association refused temporarily time 1000, comeback time 1100 (TUs)[+6.587] 
[+7.254] I (7424) WifiBoard: BLE delayed start timer fired, starting BLE now...
[+7.254] I (7424) BleServer: ===== BLE Initialization Start (async task) =====
[+7.255] I (7424) BleServer:   OK: BLE start task created, initialization will run asynchronously
[+7.256] I (7424) BLE_INIT: Feature Config, ADV:1, BLE_50:1, DTM:1, SCAN:1, CCA:0, SMP:1, CONNECT:1
[+7.256] E (7424) BLE_INIT: Malloc failed
[+7.256] E (7424) BLE_INIT: esp_bt_controller_init -4

[+7.257] E (7424) BleServer:   FAILED: esp_bt_controller_init: ESP_ERR_NO_MEM
[+7.714] I (7884) wifi:[+7.715] state: assoc -> auth (0xb0)[+7.715] 
[+8.029] I (8194) SdCardLogHttp:   OK: Config ready (max_uri_handlers=30, stack_size=20480, timeout=10s)
[+8.030] I (8204) SdCardLogHttp: [3/5] Initializing display request queue...
[+8.030] I (8204) SdCardLogHttp: Display request queue + timer initialized (queue=4 slots, timer=50ms)
[+8.030] I (8204) SdCardLogHttp:   OK: Display request queue ready
[+8.030] I (8204) SdCardLogHttp: [4/5] Starting HTTP server...
[+8.032] I (8204) SdCardLogHttp:   OK: Server started on port 8080
[+8.032] I (8204) SdCardLogHttp: [5/5] Registering URI handlers...
[+8.033] I (8204) SdCardLogHttp:   [GET] /  -> Web UI
[+8.034] I (8204) SdCardLogHttp:   OK: 29 URI handlers registered
[+8.034] I (8204) SdCardLogHttp: ===== HTTP Server Ready =====
[+8.034] I (8204) SdCardLogHttp:   Port: 8080
[+8.035] I (8204) SdCardLogHttp:   Mount: /sdcard
[+8.035] I (8204) SdCardLogHttp:   Handlers: 29
[+8.035] I (8204) Application: HTTP server start called
[+8.035] I (8204) Application: PlayUiSound (zu bytes)
[+8.035] I (8204) I2S_IF: Paired data: 0x3fcf22ac, current mode: playback, paired in_enable: 0, paired out_enable: 0
[+8.037] I (8204) I2S_IF: STD: TX, data_bit: 16, slot_bit: 16, ws_width: 16, slot_mode: MONO, slot_mask: 0x1
[+8.037] I (8204) I2S_IF: STD: TX, sample_rate_hz: 24000, mclk_multiple: 256, clk_src: 6
[+8.053] I (8224) Adev_Codec: Open codec device OK
[+8.054] I (8224) AudioCodec: Set output enable to true
[+8.058] I (8224) AudioService: Resampling audio from 16000 to 24000
[+8.365] I (8534) wifi:[+8.366] state: auth -> assoc (0x0)[+8.367] 
[+8.384] I (8554) wifi:[+8.385] state: assoc -> run (0x10)[+8.385] 
[+8.413] I (8584) wifi:[+8.413] connected with Zikkoy, aid = 1, channel 11, 40D, bssid = 5c:7d:ae:fb:6c:60[+8.413] 
[+8.413] I (8584) wifi:[+8.413] security: WPA3-SAE H2E, phy: bgn, rssi: -18, cipher(pairwise:0x3, group:0x3), pmf:1[+8.414] 
[+8.414] I (8584) wifi:[+8.414] pm start, type: 1
[+8.414] 
[+8.414] I (8584) wifi:[+8.414] dp: 1, bi: 102400, li: 10, scale listen interval from 1024000 us to 1024000 us[+8.414] 
[+8.414] I (8584) wifi:[+8.416] set rx beacon pti, rx_bcn_pti: 14, bcn_timeout: 25000, mt_pti: 14, mt_time: 10000[+8.416] 
[+8.501] I (8674) wifi:[+8.501] AP's beacon interval = 102400 us, DTIM period = 1[+8.501] 
[+8.518] I (8684) Application: PlayUiSound (zu bytes)
[+9.858] I (10024) Application: PlayUiSound (zu bytes)
[+9.939] I (10114) esp_netif_handlers: sta ip: 192.168.0.152, mask: 255.255.255.0, gw: 192.168.0.1
[+9.940] I (10114) WifiStation: Got IP: 192.168.0.152
[+9.940] I (10114) BleServer: ===== BLE Initialization Start (async task) =====
[+9.942] I (10114) BleServer:   OK: BLE start task created, initialization will run asynchronously
[+9.942] I (10114) WifiBoard: Connected to WiFi: Zikkoy
[+9.943] E (10114) BLE_INIT: Malloc failed
[+9.943] E (10114) BLE_INIT: Malloc failed
[+9.943] E (10114) BLE_INIT: esp_bt_controller_init -4

[+9.943] E (10114) BleServer:   FAILED: esp_bt_controller_init: ESP_ERR_NO_MEM
[+10.061] I (10234) AttitudeDisplay: DebugInfoCard shown: title=通知 hidden=0 card_hidden=0
[+10.061] I (10234) AttitudeDisplay: DebugInfo: 通知 | 已连接 Zikkoy (hold=10000ms builtin_font=1)
[+11.781] I (11954) AttitudeDisplay: WiFi fisheye status -> 1
[+11.781] I (11954) Application: Network connected
[+11.781] I (11954) StateMachine: State: starting -> activating
[+11.781] I (11954) Application: Waking up pre-created activation task
[+11.782] I (11954) Application: Activation task started
[+11.782] I (11954) Application: ActivationTask: Creating OTA object...
[+11.782] I (11954) Application: ActivationTask: OTA object created
[+11.783] I (11954) Application: ActivationTask: Checking assets version...
[+11.784] I (11954) Assets: The storage free size is 19648 KB
[+11.784] I (11954) Assets: The partition size is 3968 KB
[+11.936] I (12104) Assets: The checksum calculation time is 152 ms
[+11.939] I (12104) MODEL_LOADER: Successfully load srmodels
[+11.940] I (12114) Assets: Refreshing display theme...
[+11.941] I (12114) Application: ActivationTask: Assets version check done
[+11.941] I (12114) Application: ActivationTask: Checking new version...
[+11.943] I (12114) Application: ActivationTask: New version check done
[+11.943] I (12114) Application: ActivationTask: Initializing protocol...
==== xiaozhi boot log, uptime=3.942s, sdk=v5.5.4 ====
[+3.943] I (4114) SdCardLog: SD card log redirect started, file=/sdcard/xiaozhi_boot_3.log
[+3.944] I (4114) SdCardLog:   log history: /sdcard/xiaozhi_boot_3.log
[+3.960] I (4134) waveshare_lcd_1_85: 启动日志已重定向到 TF 卡: /sdcard/xiaozhi_boot_3.log
[+4.661] I (4834) WifiStation: Found AP: Zikkoy, BSSID: 5c:7d:ae:fb:6c:60, RSSI: -18, Channel: 11, Authmode: 7
[+4.663] I (4834) WifiBoard: WiFi connecting to Zikkoy
[+4.765] W (4934) wifi:[+4.765] Password length matches WPA2 standards, authmode threshold changes from OPEN to WPA2[+4.765] 
[+5.981] I (6154) wifi:[+5.981] new:<11,2>, old:<1,0>, ap:<255,255>, sta:<11,2>, prof:1, snd_ch_cfg:0x0[+5.981] 
[+5.981] I (6154) wifi:[+5.982] state: init -> auth (0xb0)[+5.982] 
[+6.563] I (6734) wifi:[+6.563] state: auth -> assoc (0x0)[+6.566] 
[+6.572] I (6744) wifi:[+6.572] Association refused temporarily time 1000, comeback time 1100 (TUs)[+6.572] 
[+7.252] I (7424) WifiBoard: BLE delayed start timer fired, starting BLE now...
[+7.252] I (7424) BleServer: ===== BLE Initialization Start (async task) =====
[+7.252] I (7424) BleServer:   OK: BLE start task created, initialization will run asynchronously
[+7.253] I (7424) BLE_INIT: Feature Config, ADV:1, BLE_50:1, DTM:1, SCAN:1, CCA:0, SMP:1, CONNECT:1
[+7.253] E (7424) BLE_INIT: Malloc failed
[+7.255] E (7424) BLE_INIT: esp_bt_controller_init -4

[+7.255] E (7424) BleServer:   FAILED: esp_bt_controller_init: ESP_ERR_NO_MEM
[+7.699] I (7864) wifi:[+7.699] state: assoc -> auth (0xb0)[+7.699] 
[+7.993] I (8164) SdCardLogHttp:   OK: Config ready (max_uri_handlers=30, stack_size=20480, timeout=10s)
[+7.993] I (8164) SdCardLogHttp: [3/5] Initializing display request queue...
[+7.993] I (8164) SdCardLogHttp: Display request queue + timer initialized (queue=4 slots, timer=50ms)
[+7.993] I (8164) SdCardLogHttp:   OK: Display request queue ready
[+7.994] I (8164) SdCardLogHttp: [4/5] Starting HTTP server...
[+7.996] I (8164) SdCardLogHttp:   OK: Server started on port 8080
[+7.996] I (8164) SdCardLogHttp: [5/5] Registering URI handlers...
[+7.996] I (8164) SdCardLogHttp:   [GET] /  -> Web UI
[+7.997] I (8164) SdCardLogHttp:   OK: 29 URI handlers registered
[+7.997] I (8164) SdCardLogHttp: ===== HTTP Server Ready =====
[+7.997] I (8164) SdCardLogHttp:   Port: 8080
[+7.997] I (8164) SdCardLogHttp:   Mount: /sdcard
[+7.999] I (8164) SdCardLogHttp:   Handlers: 29
[+7.999] I (8164) Application: HTTP server start called
[+7.999] I (8164) Application: PlayUiSound (zu bytes)
[+7.999] I (8174) I2S_IF: Paired data: 0x3fcf22ac, current mode: playback, paired in_enable: 0, paired out_enable: 0
[+8.000] I (8174) I2S_IF: STD: TX, data_bit: 16, slot_bit: 16, ws_width: 16, slot_mode: MONO, slot_mask: 0x1
[+8.000] I (8174) I2S_IF: STD: TX, sample_rate_hz: 24000, mclk_multiple: 256, clk_src: 6
[+8.017] I (8184) Adev_Codec: Open codec device OK
[+8.019] I (8184) AudioCodec: Set output enable to true
[+8.022] I (8194) AudioService: Resampling audio from 16000 to 24000
[+8.302] I (8474) wifi:[+8.302] state: auth -> assoc (0x0)[+8.303] 
[+8.342] I (8514) wifi:[+8.342] state: assoc -> run (0x10)[+8.342] 
[+8.365] I (8534) wifi:[+8.365] connected with Zikkoy, aid = 1, channel 11, 40D, bssid = 5c:7d:ae:fb:6c:60[+8.365] 
[+8.365] I (8534) wifi:[+8.365] security: WPA3-SAE H2E, phy: bgn, rssi: -18, cipher(pairwise:0x3, group:0x3), pmf:1[+8.367] 
[+8.367] I (8534) wifi:[+8.367] pm start, type: 1
[+8.367] 
[+8.367] I (8534) wifi:[+8.367] dp: 1, bi: 102400, li: 10, scale listen interval from 1024000 us to 1024000 us[+8.368] 
[+8.368] I (8534) wifi:[+8.368] set rx beacon pti, rx_bcn_pti: 14, bcn_timeout: 25000, mt_pti: 14, mt_time: 10000[+8.368] 
[+8.437] I (8604) wifi:[+8.438] AP's beacon interval = 102400 us, DTIM period = 1[+8.438] 
[+8.480] I (8654) Application: PlayUiSound (zu bytes)
[+9.821] I (9994) Application: PlayUiSound (zu bytes)
[+9.890] I (10064) esp_netif_handlers: sta ip: 192.168.0.152, mask: 255.255.255.0, gw: 192.168.0.1
[+9.890] I (10064) WifiStation: Got IP: 192.168.0.152
[+9.890] I (10064) BleServer: ===== BLE Initialization Start (async task) =====
[+9.890] I (10064) BleServer:   OK: BLE start task created, initialization will run asynchronously
[+9.891] I (10064) WifiBoard: Connected to WiFi: Zikkoy
[+9.891] I (10064) BLE_INIT: Feature Config, ADV:1, BLE_50:1, DTM:1, SCAN:1, CCA:0, SMP:1, CONNECT:1
[+9.891] E (10064) BLE_INIT: Malloc failed
[+9.893] E (10064) BLE_INIT: Malloc failed
[+9.893] E (10064) BLE_INIT: Malloc failed
[+9.893] E (10064) BLE_INIT: esp_bt_controller_init -4

[+9.894] E (10064) BleServer:   FAILED: esp_bt_controller_init: ESP_ERR_NO_MEM
[+9.917] I (10084) AttitudeDisplay: DebugInfoCard shown: title=通知 hidden=0 card_hidden=0
[+9.918] I (10084) AttitudeDisplay: DebugInfo: 通知 | 已连接 Zikkoy (hold=10000ms builtin_font=1)
[+11.865] I (12034) AttitudeDisplay: WiFi fisheye status -> 1
[+11.867] I (12034) Application: Network connected
[+11.867] I (12034) StateMachine: State: starting -> activating
[+11.867] I (12034) Application: Waking up pre-created activation task
[+11.867] I (12034) Application: Activation task started
[+11.868] I (12034) Application: ActivationTask: Creating OTA object...
[+11.868] I (12034) Application: ActivationTask: OTA object created
[+11.868] I (12034) Application: ActivationTask: Checking assets version...
[+11.868] I (12034) Assets: The storage free size is 19648 KB
[+11.869] I (12044) Assets: The partition size is 3968 KB
==== xiaozhi boot log, uptime=3.943s, sdk=v5.5.4 ====
[+3.944] I (4114) SdCardLog: SD card log redirect started, file=/sdcard/xiaozhi_boot_3.log
[+3.945] I (4114) SdCardLog:   log history: /sdcard/xiaozhi_boot_3.log
[+3.960] I (4134) waveshare_lcd_1_85: 启动日志已重定向到 TF 卡: /sdcard/xiaozhi_boot_3.log
[+4.663] I (4834) WifiStation: Found AP: Zikkoy, BSSID: 5c:7d:ae:fb:6c:60, RSSI: -18, Channel: 11, Authmode: 7
[+4.664] I (4834) WifiBoard: WiFi connecting to Zikkoy
[+4.765] W (4934) wifi:[+4.765] Password length matches WPA2 standards, authmode threshold changes from OPEN to WPA2[+4.765] 
[+6.037] I (6204) wifi:[+6.038] new:<11,2>, old:<1,0>, ap:<255,255>, sta:<11,2>, prof:1, snd_ch_cfg:0x0[+6.038] 
[+6.038] I (6204) wifi:[+6.038] state: init -> auth (0xb0)[+6.038] 
[+6.627] I (6794) wifi:[+6.628] state: auth -> assoc (0x0)[+6.628] 
[+6.633] I (6804) wifi:[+6.633] Association refused temporarily time 1000, comeback time 1100 (TUs)[+6.635] 
[+7.255] I (7424) WifiBoard: BLE delayed start timer fired, starting BLE now...
[+7.255] I (7424) BleServer: ===== BLE Initialization Start (async task) =====
[+7.255] I (7424) BleServer:   OK: BLE start task created, initialization will run asynchronously
[+7.255] I (7424) BLE_INIT: Feature Config, ADV:1, BLE_50:1, DTM:1, SCAN:1, CCA:0, SMP:1, CONNECT:1
[+7.256] E (7424) BLE_INIT: Malloc failed
[+7.256] E (7424) BLE_INIT: esp_bt_controller_init -4

[+7.256] E (7424) BleServer:   FAILED: esp_bt_controller_init: ESP_ERR_NO_MEM
[+7.761] I (7934) wifi:[+7.762] state: assoc -> auth (0xb0)[+7.762] 
[+8.072] I (8244) SdCardLogHttp:   OK: Config ready (max_uri_handlers=30, stack_size=20480, timeout=10s)
[+8.072] I (8244) SdCardLogHttp: [3/5] Initializing display request queue...
[+8.072] I (8244) SdCardLogHttp: Display request queue + timer initialized (queue=4 slots, timer=50ms)
[+8.072] I (8244) SdCardLogHttp:   OK: Display request queue ready
[+8.073] I (8244) SdCardLogHttp: [4/5] Starting HTTP server...
[+8.075] I (8244) SdCardLogHttp:   OK: Server started on port 8080
[+8.075] I (8244) SdCardLogHttp: [5/5] Registering URI handlers...
[+8.075] I (8244) SdCardLogHttp:   [GET] /  -> Web UI
[+8.076] I (8244) SdCardLogHttp:   OK: 29 URI handlers registered
[+8.076] I (8244) SdCardLogHttp: ===== HTTP Server Ready =====
[+8.076] I (8244) SdCardLogHttp:   Port: 8080
[+8.077] I (8244) SdCardLogHttp:   Mount: /sdcard
[+8.077] I (8244) SdCardLogHttp:   Handlers: 29
[+8.077] I (8244) Application: HTTP server start called
[+8.078] I (8244) Application: PlayUiSound (zu bytes)
[+8.078] I (8244) I2S_IF: Paired data: 0x3fcf22ac, current mode: playback, paired in_enable: 0, paired out_enable: 0
[+8.079] I (8244) I2S_IF: STD: TX, data_bit: 16, slot_bit: 16, ws_width: 16, slot_mode: MONO, slot_mask: 0x1
[+8.079] I (8254) I2S_IF: STD: TX, sample_rate_hz: 24000, mclk_multiple: 256, clk_src: 6
[+8.095] I (8264) Adev_Codec: Open codec device OK
[+8.096] I (8264) AudioCodec: Set output enable to true
[+8.100] I (8274) AudioService: Resampling audio from 16000 to 24000
[+8.382] I (8554) wifi:[+8.382] state: auth -> assoc (0x0)[+8.382] 
[+8.407] I (8574) wifi:[+8.407] state: assoc -> run (0x10)[+8.407] 
[+8.427] I (8594) wifi:[+8.427] connected with Zikkoy, aid = 1, channel 11, 40D, bssid = 5c:7d:ae:fb:6c:60[+8.427] 
[+8.427] I (8594) wifi:[+8.428] security: WPA3-SAE H2E, phy: bgn, rssi: -16, cipher(pairwise:0x3, group:0x3), pmf:1[+8.428] 
[+8.428] I (8594) wifi:[+8.428] pm start, type: 1
[+8.428] 
[+8.428] I (8594) wifi:[+8.428] dp: 1, bi: 102400, li: 10, scale listen interval from 1024000 us to 1024000 us[+8.430] 
[+8.430] I (8604) wifi:[+8.430] set rx beacon pti, rx_bcn_pti: 14, bcn_timeout: 25000, mt_pti: 14, mt_time: 10000[+8.430] 
[+8.493] I (8664) wifi:[+8.494] AP's beacon interval = 102400 us, DTIM period = 1[+8.494] 
[+8.496] I (8664) wifi:[+8.496] [ADDBA]RX DELBA, reason:39, delete tid:0, initiator:1(originator)[+8.496] 
[+8.497] I (8664) wifi:[+8.497] <ba-add>idx:0 (ifx:0, 5c:7d:ae:fb:6c:60), tid:0, ssn:2, winSize:64[+8.497] 
[+8.560] I (8734) Application: PlayUiSound (zu bytes)
[+9.900] I (10074) Application: PlayUiSound (zu bytes)
[+9.959] I (10134) esp_netif_handlers: sta ip: 192.168.0.152, mask: 255.255.255.0, gw: 192.168.0.1
[+9.960] I (10134) WifiStation: Got IP: 192.168.0.152
[+9.960] I (10134) BleServer: ===== BLE Initialization Start (async task) =====
[+9.960] I (10134) BleServer:   OK: BLE start task created, initialization will run asynchronously
[+9.961] I (10134) WifiBoard: Connected to WiFi: Zikkoy
[+9.961] I (10134) BLE_INIT: Feature Config, ADV:1, BLE_50:1, DTM:1, SCAN:1, CCA:0, SMP:1, CONNECT:1
[+9.963] E (10134) BLE_INIT: Malloc failed
[+9.963] E (10134) BLE_INIT: Malloc failed
[+9.963] E (10134) BLE_INIT: Malloc failed
[+9.963] E (10134) BLE_INIT: esp_bt_controller_init -4

[+9.963] E (10134) BleServer:   FAILED: esp_bt_controller_init: ESP_ERR_NO_MEM
[+10.026] I (10194) AttitudeDisplay: DebugInfoCard shown: title=通知 hidden=0 card_hidden=0
[+10.026] I (10194) AttitudeDisplay: DebugInfo: 通知 | 已连接 Zikkoy (hold=10000ms builtin_font=1)
==== xiaozhi boot log, uptime=3.942s, sdk=v5.5.4 ====
[+3.943] I (4114) SdCardLog: SD card log redirect started, file=/sdcard/xiaozhi_boot_3.log
[+3.944] I (4114) SdCardLog:   log history: /sdcard/xiaozhi_boot_3.log
[+3.960] I (4134) waveshare_lcd_1_85: 启动日志已重定向到 TF 卡: /sdcard/xiaozhi_boot_3.log
[+4.660] I (4834) WifiStation: Found AP: Zikkoy, BSSID: 5c:7d:ae:fb:6c:60, RSSI: -18, Channel: 11, Authmode: 7
[+4.660] I (4834) WifiBoard: WiFi connecting to Zikkoy
[+4.765] W (4934) wifi:[+4.765] Password length matches WPA2 standards, authmode threshold changes from OPEN to WPA2[+4.765] 
[+5.981] I (6154) wifi:[+5.981] new:<11,2>, old:<1,0>, ap:<255,255>, sta:<11,2>, prof:1, snd_ch_cfg:0x0[+5.981] 
[+5.982] I (6154) wifi:[+5.982] state: init -> auth (0xb0)[+5.982] 
[+6.563] I (6734) wifi:[+6.563] state: auth -> assoc (0x0)[+6.563] 
[+6.568] I (6734) wifi:[+6.569] Association refused temporarily time 1000, comeback time 1100 (TUs)[+6.569] 
[+7.250] I (7424) WifiBoard: BLE delayed start timer fired, starting BLE now...
[+7.252] I (7424) BleServer: ===== BLE Initialization Start (async task) =====
[+7.252] I (7424) BleServer:   OK: BLE start task created, initialization will run asynchronously
[+7.253] I (7424) BLE_INIT: Feature Config, ADV:1, BLE_50:1, DTM:1, SCAN:1, CCA:0, SMP:1, CONNECT:1
[+7.253] E (7424) BLE_INIT: Malloc failed
[+7.253] E (7424) BLE_INIT: esp_bt_controller_init -4

[+7.253] E (7424) BleServer:   FAILED: esp_bt_controller_init: ESP_ERR_NO_MEM
[+7.695] I (7864) wifi:[+7.696] state: assoc -> auth (0xb0)[+7.696] 
[+7.991] I (8154) SdCardLogHttp:   OK: Config ready (max_uri_handlers=30, stack_size=20480, timeout=10s)
[+7.991] I (8164) SdCardLogHttp: [3/5] Initializing display request queue...
[+7.992] I (8164) SdCardLogHttp: Display request queue + timer initialized (queue=4 slots, timer=50ms)
[+7.992] I (8164) SdCardLogHttp:   OK: Display request queue ready
[+7.992] I (8164) SdCardLogHttp: [4/5] Starting HTTP server...
[+7.993] I (8164) SdCardLogHttp:   OK: Server started on port 8080
[+7.995] I (8164) SdCardLogHttp: [5/5] Registering URI handlers...
[+7.995] I (8164) SdCardLogHttp:   [GET] /  -> Web UI
[+7.997] I (8164) SdCardLogHttp:   OK: 29 URI handlers registered
[+7.997] I (8164) SdCardLogHttp: ===== HTTP Server Ready =====
[+7.997] I (8164) SdCardLogHttp:   Port: 8080
[+7.997] I (8164) SdCardLogHttp:   Mount: /sdcard
[+7.997] I (8164) SdCardLogHttp:   Handlers: 29
[+7.997] I (8164) Application: HTTP server start called
[+7.997] I (8164) Application: PlayUiSound (zu bytes)
[+7.999] I (8164) I2S_IF: Paired data: 0x3fcf22ac, current mode: playback, paired in_enable: 0, paired out_enable: 0
[+7.999] I (8174) I2S_IF: STD: TX, data_bit: 16, slot_bit: 16, ws_width: 16, slot_mode: MONO, slot_mask: 0x1
[+8.000] I (8174) I2S_IF: STD: TX, sample_rate_hz: 24000, mclk_multiple: 256, clk_src: 6
[+8.274] I (8444) Adev_Codec: Open codec device OK
[+8.274] I (8444) AudioCodec: Set output enable to true
[+8.278] I (8444) AudioService: Resampling audio from 16000 to 24000
[+8.299] I (8464) wifi:[+8.299] state: assoc -> run (0x10)[+8.299] 
[+8.335] I (8504) wifi:[+8.335] connected with Zikkoy, aid = 1, channel 11, 40D, bssid = 5c:7d:ae:fb:6c:60[+8.336] 
[+8.336] I (8504) wifi:[+8.336] security: WPA3-SAE H2E, phy: bgn, rssi: -17, cipher(pairwise:0x3, group:0x3), pmf:1[+8.336] 
[+8.336] I (8504) wifi:[+8.336] pm start, type: 1
[+8.336] 
[+8.336] I (8504) wifi:[+8.336] dp: 1, bi: 102400, li: 10, scale listen interval from 1024000 us to 1024000 us[+8.337] 
[+8.337] I (8504) wifi:[+8.338] set rx beacon pti, rx_bcn_pti: 14, bcn_timeout: 25000, mt_pti: 14, mt_time: 10000[+8.339] 
[+8.340] I (8514) wifi:[+8.340] AP's beacon interval = 102400 us, DTIM period = 1[+8.340] 
[+8.710] I (8884) Application: PlayUiSound (zu bytes)
[+8.956] I (9124) wifi:[+8.957] [ADDBA]RX DELBA, reason:39, delete tid:0, initiator:1(originator)[+8.957] 
[+8.958] I (9124) wifi:[+8.958] <ba-add>idx:0 (ifx:0, 5c:7d:ae:fb:6c:60), tid:0, ssn:2, winSize:64[+8.958] 
[+9.370] I (9544) esp_netif_handlers: sta ip: 192.168.0.152, mask: 255.255.255.0, gw: 192.168.0.1
[+9.371] I (9544) WifiStation: Got IP: 192.168.0.152
[+9.372] I (9544) BleServer: ===== BLE Initialization Start (async task) =====
[+9.372] I (9544) BleServer:   OK: BLE start task created, initialization will run asynchronously
[+9.372] I (9544) WifiBoard: Connected to WiFi: Zikkoy
[+9.372] I (9544) BLE_INIT: Feature Config, ADV:1, BLE_50:1, DTM:1, SCAN:1, CCA:0, SMP:1, CONNECT:1
[+9.373] E (9544) BLE_INIT: Malloc failed
[+9.373] E (9544) BLE_INIT: Malloc failed
[+9.374] E (9544) BLE_INIT: esp_bt_controller_init -4

[+9.375] E (9544) BleServer:   FAILED: esp_bt_controller_init: ESP_ERR_NO_MEM
[+9.492] I (9664) AttitudeDisplay: DebugInfoCard shown: title=通知 hidden=0 card_hidden=0
[+9.492] I (9664) AttitudeDisplay: DebugInfo: 通知 | 已连接 Zikkoy (hold=10000ms builtin_font=1)
[+10.080] I (10254) Application: PlayUiSound (zu bytes)
==== xiaozhi boot log, uptime=3.942s, sdk=v5.5.4 ====
[+3.943] I (4114) SdCardLog: SD card log redirect started, file=/sdcard/xiaozhi_boot_3.log
[+3.946] I (4114) SdCardLog:   log history: /sdcard/xiaozhi_boot_3.log
[+3.961] I (4134) waveshare_lcd_1_85: 启动日志已重定向到 TF 卡: /sdcard/xiaozhi_boot_3.log
[+4.662] I (4834) WifiStation: Found AP: Zikkoy, BSSID: 5c:7d:ae:fb:6c:60, RSSI: -18, Channel: 11, Authmode: 7
[+4.662] I (4834) WifiBoard: WiFi connecting to Zikkoy
[+4.765] W (4934) wifi:[+4.765] Password length matches WPA2 standards, authmode threshold changes from OPEN to WPA2[+4.765] 
[+6.044] I (6214) wifi:[+6.045] new:<11,2>, old:<1,0>, ap:<255,255>, sta:<11,2>, prof:1, snd_ch_cfg:0x0[+6.046] 
[+6.046] I (6214) wifi:[+6.046] state: init -> auth (0xb0)[+6.047] 
[+6.659] I (6834) wifi:[+6.660] state: auth -> assoc (0x0)[+6.660] 
[+6.665] I (6834) wifi:[+6.666] Association refused temporarily time 1000, comeback time 1100 (TUs)[+6.666] 
[+7.256] I (7424) WifiBoard: BLE delayed start timer fired, starting BLE now...
[+7.256] I (7424) BleServer: ===== BLE Initialization Start (async task) =====
[+7.256] I (7424) BleServer:   OK: BLE start task created, initialization will run asynchronously
[+7.793] I (7964) wifi:[+7.793] state: assoc -> auth (0xb0)[+7.793] 
[+8.101] I (8274) SdCardLogHttp:   OK: Config ready (max_uri_handlers=30, stack_size=20480, timeout=10s)
[+8.102] I (8274) SdCardLogHttp: [3/5] Initializing display request queue...
[+8.102] I (8274) SdCardLogHttp: Display request queue + timer initialized (queue=4 slots, timer=50ms)
[+8.102] I (8274) SdCardLogHttp:   OK: Display request queue ready
[+8.102] I (8274) SdCardLogHttp: [4/5] Starting HTTP server...
[+8.105] I (8274) SdCardLogHttp:   OK: Server started on port 8080
[+8.105] I (8274) SdCardLogHttp: [5/5] Registering URI handlers...
[+8.105] I (8274) SdCardLogHttp:   [GET] /  -> Web UI
[+8.106] I (8274) SdCardLogHttp:   OK: 29 URI handlers registered
[+8.106] I (8274) SdCardLogHttp: ===== HTTP Server Ready =====
[+8.106] I (8274) SdCardLogHttp:   Port: 8080
[+8.106] I (8274) SdCardLogHttp:   Mount: /sdcard
[+8.107] I (8274) SdCardLogHttp:   Handlers: 29
[+8.108] I (8274) Application: HTTP server start called
[+8.108] I (8274) Application: PlayUiSound (zu bytes)
[+8.108] I (8274) I2S_IF: Paired data: 0x3fcf22ac, current mode: playback, paired in_enable: 0, paired out_enable: 0
[+8.109] I (8274) I2S_IF: STD: TX, data_bit: 16, slot_bit: 16, ws_width: 16, slot_mode: MONO, slot_mask: 0x1
[+8.109] I (8284) I2S_IF: STD: TX, sample_rate_hz: 24000, mclk_multiple: 256, clk_src: 6
[+8.125] I (8294) Adev_Codec: Open codec device OK
[+8.126] I (8294) AudioCodec: Set output enable to true
[+8.134] I (8304) AudioService: Resampling audio from 16000 to 24000
[+8.416] I (8584) wifi:[+8.416] state: auth -> assoc (0x0)[+8.416] 
[+8.442] I (8614) wifi:[+8.442] state: assoc -> run (0x10)[+8.442] 
[+8.474] I (8644) wifi:[+8.474] connected with Zikkoy, aid = 1, channel 11, 40D, bssid = 5c:7d:ae:fb:6c:60[+8.475] 
[+8.475] I (8644) wifi:[+8.475] security: WPA3-SAE H2E, phy: bgn, rssi: -18, cipher(pairwise:0x3, group:0x3), pmf:1[+8.475] 
[+8.475] I (8644) wifi:[+8.475] pm start, type: 1
[+8.477] 
[+8.477] I (8644) wifi:[+8.477] dp: 1, bi: 102400, li: 10, scale listen interval from 1024000 us to 1024000 us[+8.477] 
[+8.477] I (8644) wifi:[+8.477] set rx beacon pti, rx_bcn_pti: 14, bcn_timeout: 25000, mt_pti: 14, mt_time: 10000[+8.478] 
[+8.500] I (8674) wifi:[+8.500] AP's beacon interval = 102400 us, DTIM period = 1[+8.500] 
[+8.590] I (8764) Application: PlayUiSound (zu bytes)
[+9.502] I (9674) wifi:[+9.502] [ADDBA]RX DELBA, reason:39, delete tid:0, initiator:1(originator)[+9.502] 
[+9.505] I (9674) wifi:[+9.505] <ba-add>idx:0 (ifx:0, 5c:7d:ae:fb:6c:60), tid:0, ssn:2, winSize:64[+9.505] 
[+9.930] I (10104) Application: PlayUiSound (zu bytes)
[+9.999] I (10174) esp_netif_handlers: sta ip: 192.168.0.152, mask: 255.255.255.0, gw: 192.168.0.1
[+10.000] I (10174) WifiStation: Got IP: 192.168.0.152
[+10.000] I (10174) BleServer: ===== BLE Initialization Start (async task) =====
[+10.000] I (10174) BleServer:   OK: BLE start task created, initialization will run asynchronously
[+10.001] I (10174) WifiBoard: Connected to WiFi: Zikkoy
[+10.074] I (10244) AttitudeDisplay: DebugInfoCard shown: title=通知 hidden=0 card_hidden=0
[+10.074] I (10244) AttitudeDisplay: DebugInfo: 通知 | 已连接 Zikkoy (hold=10000ms builtin_font=1)
==== xiaozhi boot log, uptime=3.942s, sdk=v5.5.4 ====
[+3.943] I (4114) SdCardLog: SD card log redirect started, file=/sdcard/xiaozhi_boot_3.log
[+3.944] I (4114) SdCardLog:   log history: /sdcard/xiaozhi_boot_3.log
[+3.959] I (4134) waveshare_lcd_1_85: 启动日志已重定向到 TF 卡: /sdcard/xiaozhi_boot_3.log
[+4.662] I (4834) WifiStation: Found AP: Zikkoy, BSSID: 5c:7d:ae:fb:6c:60, RSSI: -18, Channel: 11, Authmode: 7
[+4.662] I (4834) WifiBoard: WiFi connecting to Zikkoy
[+4.765] W (4934) wifi:[+4.765] Password length matches WPA2 standards, authmode threshold changes from OPEN to WPA2[+4.765] 
[+5.980] I (6154) wifi:[+5.981] new:<11,2>, old:<1,0>, ap:<255,255>, sta:<11,2>, prof:1, snd_ch_cfg:0x0[+5.981] 
[+5.981] I (6154) wifi:[+5.981] state: init -> auth (0xb0)[+5.983] 
[+6.583] I (6754) wifi:[+6.584] state: auth -> assoc (0x0)[+6.584] 
[+6.589] I (6764) wifi:[+6.590] Association refused temporarily time 1000, comeback time 1100 (TUs)[+6.590] 
[+7.253] I (7424) WifiBoard: BLE delayed start timer fired, starting BLE now...
[+7.253] I (7424) BleServer: ===== BLE Initialization Start (async task) =====
[+7.254] I (7424) BleServer:   OK: BLE start task created, initialization will run asynchronously
[+7.254] I (7424) BLE_INIT: Feature Config, ADV:1, BLE_50:1, DTM:1, SCAN:1, CCA:0, SMP:1, CONNECT:1
[+7.256] E (7424) BLE_INIT: Malloc failed
[+7.256] E (7424) BLE_INIT: esp_bt_controller_init -4

[+7.257] E (7424) BleServer:   FAILED: esp_bt_controller_init: ESP_ERR_NO_MEM
[+7.716] I (7884) wifi:[+7.717] state: assoc -> auth (0xb0)[+7.717] 
[+8.030] I (8194) SdCardLogHttp:   OK: Config ready (max_uri_handlers=30, stack_size=20480, timeout=10s)
[+8.031] I (8204) SdCardLogHttp: [3/5] Initializing display request queue...
[+8.031] I (8204) SdCardLogHttp: Display request queue + timer initialized (queue=4 slots, timer=50ms)
[+8.032] I (8204) SdCardLogHttp:   OK: Display request queue ready
[+8.032] I (8204) SdCardLogHttp: [4/5] Starting HTTP server...
[+8.034] I (8204) SdCardLogHttp:   OK: Server started on port 8080
[+8.034] I (8204) SdCardLogHttp: [5/5] Registering URI handlers...
[+8.034] I (8204) SdCardLogHttp:   [GET] /  -> Web UI
[+8.035] I (8204) SdCardLogHttp:   OK: 29 URI handlers registered
[+8.035] I (8204) SdCardLogHttp: ===== HTTP Server Ready =====
[+8.035] I (8204) SdCardLogHttp:   Port: 8080
[+8.037] I (8204) SdCardLogHttp:   Mount: /sdcard
[+8.037] I (8204) SdCardLogHttp:   Handlers: 29
[+8.037] I (8204) Application: HTTP server start called
[+8.037] I (8204) Application: PlayUiSound (zu bytes)
[+8.037] I (8204) I2S_IF: Paired data: 0x3fcf22ac, current mode: playback, paired in_enable: 0, paired out_enable: 0
[+8.038] I (8204) I2S_IF: STD: TX, data_bit: 16, slot_bit: 16, ws_width: 16, slot_mode: MONO, slot_mask: 0x1
[+8.038] I (8204) I2S_IF: STD: TX, sample_rate_hz: 24000, mclk_multiple: 256, clk_src: 6
[+8.055] I (8224) Adev_Codec: Open codec device OK
[+8.056] I (8224) AudioCodec: Set output enable to true
[+8.060] I (8234) AudioService: Resampling audio from 16000 to 24000
[+8.342] I (8514) wifi:[+8.343] state: auth -> assoc (0x0)[+8.343] 
[+8.361] I (8534) wifi:[+8.362] state: assoc -> run (0x10)[+8.362] 
[+8.391] I (8564) wifi:[+8.392] connected with Zikkoy, aid = 1, channel 11, 40D, bssid = 5c:7d:ae:fb:6c:60[+8.392] 
[+8.392] I (8564) wifi:[+8.392] security: WPA3-SAE H2E, phy: bgn, rssi: -16, cipher(pairwise:0x3, group:0x3), pmf:1[+8.394] 
[+8.394] I (8564) wifi:[+8.394] pm start, type: 1
[+8.394] 
[+8.394] I (8564) wifi:[+8.394] dp: 1, bi: 102400, li: 10, scale listen interval from 1024000 us to 1024000 us[+8.395] 
[+8.395] I (8564) wifi:[+8.395] set rx beacon pti, rx_bcn_pti: 14, bcn_timeout: 25000, mt_pti: 14, mt_time: 10000[+8.395] 
[+8.490] I (8664) wifi:[+8.490] AP's beacon interval = 102400 us, DTIM period = 1[+8.490] 
[+8.520] I (8694) Application: PlayUiSound (zu bytes)
[+8.892] I (9064) wifi:[+8.893] [ADDBA]RX DELBA, reason:39, delete tid:0, initiator:1(originator)[+8.893] 
[+8.903] I (9074) wifi:[+8.904] <ba-add>idx:0 (ifx:0, 5c:7d:ae:fb:6c:60), tid:0, ssn:2, winSize:64[+8.904] 
[+9.860] I (10034) Application: PlayUiSound (zu bytes)
[+9.909] I (10084) esp_netif_handlers: sta ip: 192.168.0.152, mask: 255.255.255.0, gw: 192.168.0.1
[+9.910] I (10084) WifiStation: Got IP: 192.168.0.152
[+9.910] I (10084) BleServer: ===== BLE Initialization Start (async task) =====
[+9.912] I (10084) BleServer:   OK: BLE start task created, initialization will run asynchronously
[+9.912] I (10084) WifiBoard: Connected to WiFi: Zikkoy
[+9.912] I (10084) BLE_INIT: Feature Config, ADV:1, BLE_50:1, DTM:1, SCAN:1, CCA:0, SMP:1, CONNECT:1
[+9.912] E (10084) BLE_INIT: Malloc failed
[+9.912] E (10084) BLE_INIT: Malloc failed
[+9.913] E (10084) BLE_INIT: esp_bt_controller_init -4

[+9.913] E (10084) BleServer:   FAILED: esp_bt_controller_init: ESP_ERR_NO_MEM
[+10.043] I (10214) AttitudeDisplay: DebugInfoCard shown: title=通知 hidden=0 card_hidden=0
[+10.045] I (10214) AttitudeDisplay: DebugInfo: 通知 | 已连接 Zikkoy (hold=10000ms builtin_font=1)
==== xiaozhi boot log, uptime=3.942s, sdk=v5.5.4 ====
[+3.943] I (4114) SdCardLog: SD card log redirect started, file=/sdcard/xiaozhi_boot_3.log
[+3.944] I (4114) SdCardLog:   log history: /sdcard/xiaozhi_boot_3.log
[+3.960] I (4134) waveshare_lcd_1_85: 启动日志已重定向到 TF 卡: /sdcard/xiaozhi_boot_3.log
[+4.661] I (4834) WifiStation: Found AP: Zikkoy, BSSID: 5c:7d:ae:fb:6c:60, RSSI: -17, Channel: 11, Authmode: 7
[+4.663] I (4834) WifiBoard: WiFi connecting to Zikkoy
[+4.765] W (4934) wifi:[+4.765] Password length matches WPA2 standards, authmode threshold changes from OPEN to WPA2[+4.766] 
[+5.981] I (6154) wifi:[+5.981] new:<11,2>, old:<1,0>, ap:<255,255>, sta:<11,2>, prof:1, snd_ch_cfg:0x0[+5.982] 
[+5.982] I (6154) wifi:[+5.982] state: init -> auth (0xb0)[+5.982] 
[+6.583] I (6754) wifi:[+6.583] state: auth -> assoc (0x0)[+6.585] 
[+6.593] I (6764) wifi:[+6.593] Association refused temporarily time 1000, comeback time 1100 (TUs)[+6.593] 
[+7.251] I (7424) WifiBoard: BLE delayed start timer fired, starting BLE now...
[+7.252] I (7424) BleServer: ===== BLE Initialization Start (async task) =====
[+7.252] I (7424) BleServer:   OK: BLE start task created, initialization will run asynchronously
[+7.252] I (7424) BLE_INIT: Feature Config, ADV:1, BLE_50:1, DTM:1, SCAN:1, CCA:0, SMP:1, CONNECT:1
[+7.253] E (7424) BLE_INIT: Malloc failed
[+7.254] E (7424) BLE_INIT: esp_bt_controller_init -4

[+7.254] E (7424) BleServer:   FAILED: esp_bt_controller_init: ESP_ERR_NO_MEM
[+7.720] I (7894) wifi:[+7.720] state: assoc -> auth (0xb0)[+7.720] 
[+8.033] I (8204) SdCardLogHttp:   OK: Config ready (max_uri_handlers=30, stack_size=20480, timeout=10s)
[+8.033] I (8204) SdCardLogHttp: [3/5] Initializing display request queue...
[+8.033] I (8204) SdCardLogHttp: Display request queue + timer initialized (queue=4 slots, timer=50ms)
[+8.034] I (8204) SdCardLogHttp:   OK: Display request queue ready
[+8.035] I (8204) SdCardLogHttp: [4/5] Starting HTTP server...
[+8.036] I (8204) SdCardLogHttp:   OK: Server started on port 8080
[+8.036] I (8204) SdCardLogHttp: [5/5] Registering URI handlers...
[+8.037] I (8204) SdCardLogHttp:   [GET] /  -> Web UI
[+8.038] I (8204) SdCardLogHttp:   OK: 29 URI handlers registered
[+8.038] I (8204) SdCardLogHttp: ===== HTTP Server Ready =====
[+8.038] I (8204) SdCardLogHttp:   Port: 8080
[+8.038] I (8204) SdCardLogHttp:   Mount: /sdcard
[+8.039] I (8214) SdCardLogHttp:   Handlers: 29
[+8.039] I (8214) Application: HTTP server start called
[+8.040] I (8214) Application: PlayUiSound (zu bytes)
[+8.040] I (8214) I2S_IF: Paired data: 0x3fcf22ac, current mode: playback, paired in_enable: 0, paired out_enable: 0
[+8.040] I (8214) I2S_IF: STD: TX, data_bit: 16, slot_bit: 16, ws_width: 16, slot_mode: MONO, slot_mask: 0x1
[+8.041] I (8214) I2S_IF: STD: TX, sample_rate_hz: 24000, mclk_multiple: 256, clk_src: 6
[+8.057] I (8224) Adev_Codec: Open codec device OK
[+8.058] I (8224) AudioCodec: Set output enable to true
[+8.063] I (8234) AudioService: Resampling audio from 16000 to 24000
[+8.353] I (8524) wifi:[+8.353] state: auth -> assoc (0x0)[+8.353] 
[+8.370] I (8544) wifi:[+8.371] state: assoc -> run (0x10)[+8.371] 
[+8.397] I (8564) wifi:[+8.398] connected with Zikkoy, aid = 1, channel 11, 40D, bssid = 5c:7d:ae:fb:6c:60[+8.398] 
[+8.398] I (8564) wifi:[+8.398] security: WPA3-SAE H2E, phy: bgn, rssi: -17, cipher(pairwise:0x3, group:0x3), pmf:1[+8.400] 
[+8.400] I (8574) wifi:[+8.400] pm start, type: 1
[+8.400] 
[+8.400] I (8574) wifi:[+8.400] dp: 1, bi: 102400, li: 10, scale listen interval from 1024000 us to 1024000 us[+8.400] 
[+8.401] I (8574) wifi:[+8.401] set rx beacon pti, rx_bcn_pti: 14, bcn_timeout: 25000, mt_pti: 14, mt_time: 10000[+8.401] 
[+8.427] I (8594) wifi:[+8.427] [ADDBA]RX DELBA, reason:39, delete tid:0, initiator:1(originator)[+8.427] 
[+8.428] I (8594) wifi:[+8.429] <ba-add>idx:0 (ifx:0, 5c:7d:ae:fb:6c:60), tid:0, ssn:2, winSize:64[+8.430] 
[+8.432] I (8604) wifi:[+8.433] AP's beacon interval = 102400 us, DTIM period = 1[+8.433] 
[+8.521] I (8694) Application: PlayUiSound (zu bytes)
[+9.861] I (10034) Application: PlayUiSound (zu bytes)
[+9.929] I (10104) esp_netif_handlers: sta ip: 192.168.0.152, mask: 255.255.255.0, gw: 192.168.0.1
[+9.930] I (10104) WifiStation: Got IP: 192.168.0.152
[+9.930] I (10104) BleServer: ===== BLE Initialization Start (async task) =====
[+9.930] I (10104) BleServer:   OK: BLE start task created, initialization will run asynchronously
[+9.933] I (10104) WifiBoard: Connected to WiFi: Zikkoy
[+10.046] I (10214) AttitudeDisplay: DebugInfoCard shown: title=通知 hidden=0 card_hidden=0
[+10.046] I (10214) AttitudeDisplay: DebugInfo: 通知 | 已连接 Zikkoy (hold=10000ms builtin_font=1)
==== xiaozhi boot log, uptime=3.942s, sdk=v5.5.4 ====
[+3.943] I (4114) SdCardLog: SD card log redirect started, file=/sdcard/xiaozhi_boot_3.log
[+3.944] I (4114) SdCardLog:   log history: /sdcard/xiaozhi_boot_3.log
[+3.960] I (4134) waveshare_lcd_1_85: 启动日志已重定向到 TF 卡: /sdcard/xiaozhi_boot_3.log
[+4.661] I (4834) WifiStation: Found AP: Zikkoy, BSSID: 5c:7d:ae:fb:6c:60, RSSI: -18, Channel: 11, Authmode: 7
[+4.661] I (4834) WifiBoard: WiFi connecting to Zikkoy
[+4.765] W (4934) wifi:[+4.765] Password length matches WPA2 standards, authmode threshold changes from OPEN to WPA2[+4.765] 
[+5.981] I (6154) wifi:[+5.981] new:<11,2>, old:<1,0>, ap:<255,255>, sta:<11,2>, prof:1, snd_ch_cfg:0x0[+5.981] 
[+5.982] I (6154) wifi:[+5.983] state: init -> auth (0xb0)[+5.983] 
[+6.590] I (6764) wifi:[+6.590] state: auth -> assoc (0x0)[+6.590] 
[+6.596] I (6764) wifi:[+6.596] Association refused temporarily time 1000, comeback time 1100 (TUs)[+6.596] 
[+7.251] I (7424) WifiBoard: BLE delayed start timer fired, starting BLE now...
[+7.252] I (7424) BleServer: ===== BLE Initialization Start (async task) =====
[+7.252] I (7424) BleServer:   OK: BLE start task created, initialization will run asynchronously
[+7.252] I (7424) BLE_INIT: Feature Config, ADV:1, BLE_50:1, DTM:1, SCAN:1, CCA:0, SMP:1, CONNECT:1
[+7.254] E (7424) BLE_INIT: Malloc failed
[+7.254] E (7424) BLE_INIT: esp_bt_controller_init -4

[+7.254] E (7424) BleServer:   FAILED: esp_bt_controller_init: ESP_ERR_NO_MEM
[+7.723] I (7894) wifi:[+7.723] state: assoc -> auth (0xb0)[+7.723] 
[+8.033] I (8204) SdCardLogHttp:   OK: Config ready (max_uri_handlers=30, stack_size=20480, timeout=10s)
[+8.033] I (8204) SdCardLogHttp: [3/5] Initializing display request queue...
[+8.034] I (8204) SdCardLogHttp: Display request queue + timer initialized (queue=4 slots, timer=50ms)
[+8.035] I (8204) SdCardLogHttp:   OK: Display request queue ready
[+8.035] I (8204) SdCardLogHttp: [4/5] Starting HTTP server...
[+8.036] I (8204) SdCardLogHttp:   OK: Server started on port 8080
[+8.037] I (8204) SdCardLogHttp: [5/5] Registering URI handlers...
[+8.037] I (8204) SdCardLogHttp:   [GET] /  -> Web UI
[+8.038] I (8204) SdCardLogHttp:   OK: 29 URI handlers registered
[+8.038] I (8204) SdCardLogHttp: ===== HTTP Server Ready =====
[+8.040] I (8214) SdCardLogHttp:   Port: 8080
[+8.040] I (8214) SdCardLogHttp:   Mount: /sdcard
[+8.040] I (8214) SdCardLogHttp:   Handlers: 29
[+8.040] I (8214) Application: HTTP server start called
[+8.040] I (8214) Application: PlayUiSound (zu bytes)
[+8.041] I (8214) I2S_IF: Paired data: 0x3fcf22ac, current mode: playback, paired in_enable: 0, paired out_enable: 0
[+8.041] I (8214) I2S_IF: STD: TX, data_bit: 16, slot_bit: 16, ws_width: 16, slot_mode: MONO, slot_mask: 0x1
[+8.043] I (8214) I2S_IF: STD: TX, sample_rate_hz: 24000, mclk_multiple: 256, clk_src: 6
[+8.058] I (8224) Adev_Codec: Open codec device OK
[+8.059] I (8224) AudioCodec: Set output enable to true
[+8.063] I (8234) AudioService: Resampling audio from 16000 to 24000
[+8.374] I (8544) wifi:[+8.374] state: auth -> assoc (0x0)[+8.375] 
[+8.400] I (8574) wifi:[+8.400] state: assoc -> run (0x10)[+8.400] 
[+8.425] I (8594) wifi:[+8.425] connected with Zikkoy, aid = 1, channel 11, 40D, bssid = 5c:7d:ae:fb:6c:60[+8.425] 
[+8.427] I (8594) wifi:[+8.427] security: WPA3-SAE H2E, phy: bgn, rssi: -17, cipher(pairwise:0x3, group:0x3), pmf:1[+8.427] 
[+8.427] I (8594) wifi:[+8.427] pm start, type: 1
[+8.428] 
[+8.428] I (8594) wifi:[+8.428] dp: 1, bi: 102400, li: 10, scale listen interval from 1024000 us to 1024000 us[+8.428] 
[+8.428] I (8594) wifi:[+8.428] set rx beacon pti, rx_bcn_pti: 14, bcn_timeout: 25000, mt_pti: 14, mt_time: 10000[+8.428] 
[+8.447] I (8614) wifi:[+8.447] AP's beacon interval = 102400 us, DTIM period = 1[+8.449] 
[+8.523] I (8694) Application: PlayUiSound (zu bytes)
[+8.859] I (9024) wifi:[+8.859] [ADDBA]RX DELBA, reason:39, delete tid:0, initiator:1(originator)[+8.859] 
[+8.860] I (9034) wifi:[+8.860] <ba-add>idx:0 (ifx:0, 5c:7d:ae:fb:6c:60), tid:0, ssn:2, winSize:64[+8.860] 
[+9.863] I (10034) Application: PlayUiSound (zu bytes)
[+9.949] I (10124) esp_netif_handlers: sta ip: 192.168.0.152, mask: 255.255.255.0, gw: 192.168.0.1
[+9.950] I (10124) WifiStation: Got IP: 192.168.0.152
[+9.950] I (10124) BleServer: ===== BLE Initialization Start (async task) =====
[+9.951] I (10124) BleServer:   OK: BLE start task created, initialization will run asynchronously
[+9.952] I (10124) WifiBoard: Connected to WiFi: Zikkoy
[+9.952] I (10124) BLE_INIT: Feature Config, ADV:1, BLE_50:1, DTM:1, SCAN:1, CCA:0, SMP:1, CONNECT:1
[+9.952] E (10124) BLE_INIT: Malloc failed
[+9.952] E (10124) BLE_INIT: Malloc failed
[+9.953] E (10124) BLE_INIT: esp_bt_controller_init -4

[+9.953] E (10124) BleServer:   FAILED: esp_bt_controller_init: ESP_ERR_NO_MEM
[+10.051] I (10224) AttitudeDisplay: DebugInfoCard shown: title=通知 hidden=0 card_hidden=0
[+10.051] I (10224) AttitudeDisplay: DebugInfo: 通知 | 已连接 Zikkoy (hold=10000ms builtin_font=1)
[+11.875] I (12044) AttitudeDisplay: WiFi fisheye status -> 1
[+11.875] I (12044) Application: Network connected
[+11.875] I (12044) StateMachine: State: starting -> activating
[+11.875] I (12044) Application: Waking up pre-created activation task
[+11.876] I (12044) Application: Activation task started
[+11.877] I (12044) Application: ActivationTask: Creating OTA object...
[+11.877] I (12044) Application: ActivationTask: OTA object created
[+11.878] I (12044) Application: ActivationTask: Checking assets version...
[+11.878] I (12044) Assets: The storage free size is 19648 KB
[+11.878] I (12044) Assets: The partition size is 3968 KB
==== xiaozhi boot log, uptime=3.942s, sdk=v5.5.4 ====
[+3.943] I (4114) SdCardLog: SD card log redirect started, file=/sdcard/xiaozhi_boot_3.log
[+3.944] I (4114) SdCardLog:   log history: /sdcard/xiaozhi_boot_3.log
[+3.961] I (4134) waveshare_lcd_1_85: 启动日志已重定向到 TF 卡: /sdcard/xiaozhi_boot_3.log
[+4.661] I (4834) WifiStation: Found AP: Zikkoy, BSSID: 5c:7d:ae:fb:6c:60, RSSI: -17, Channel: 11, Authmode: 7
[+4.662] I (4834) WifiBoard: WiFi connecting to Zikkoy
[+4.765] W (4934) wifi:[+4.765] Password length matches WPA2 standards, authmode threshold changes from OPEN to WPA2[+4.765] 
[+5.981] I (6154) wifi:[+5.981] new:<11,2>, old:<1,0>, ap:<255,255>, sta:<11,2>, prof:1, snd_ch_cfg:0x0[+5.983] 
[+5.983] I (6154) wifi:[+5.983] state: init -> auth (0xb0)[+5.983] 
[+6.589] I (6754) wifi:[+6.589] state: auth -> assoc (0x0)[+6.589] 
[+6.594] I (6764) wifi:[+6.594] Association refused temporarily time 1000, comeback time 1100 (TUs)[+6.594] 
[+7.252] I (7424) WifiBoard: BLE delayed start timer fired, starting BLE now...
[+7.252] I (7424) BleServer: ===== BLE Initialization Start (async task) =====
[+7.252] I (7424) BleServer:   OK: BLE start task created, initialization will run asynchronously
[+7.721] I (7894) wifi:[+7.721] state: assoc -> auth (0xb0)[+7.722] 
[+8.037] I (8204) SdCardLogHttp:   OK: Server started on port 8080
[+8.037] I (8204) SdCardLogHttp: [5/5] Registering URI handlers...
[+8.037] I (8204) SdCardLogHttp:   [GET] /  -> Web UI
[+8.038] I (8204) SdCardLogHttp:   OK: 29 URI handlers registered
[+8.038] I (8204) SdCardLogHttp: ===== HTTP Server Ready =====
[+8.038] I (8204) SdCardLogHttp:   Port: 8080
[+8.039] I (8204) SdCardLogHttp:   Mount: /sdcard
[+8.040] I (8214) SdCardLogHttp:   Handlers: 29
[+8.040] I (8214) Application: HTTP server start called
[+8.040] I (8214) Application: PlayUiSound (zu bytes)
[+8.040] I (8214) I2S_IF: Paired data: 0x3fcf22ac, current mode: playback, paired in_enable: 0, paired out_enable: 0
[+8.041] I (8214) I2S_IF: STD: TX, data_bit: 16, slot_bit: 16, ws_width: 16, slot_mode: MONO, slot_mask: 0x1
[+8.041] I (8214) I2S_IF: STD: TX, sample_rate_hz: 24000, mclk_multiple: 256, clk_src: 6
[+8.057] I (8224) Adev_Codec: Open codec device OK
[+8.059] I (8224) AudioCodec: Set output enable to true
[+8.063] I (8234) AudioService: Resampling audio from 16000 to 24000
[+8.331] I (8504) wifi:[+8.331] state: auth -> assoc (0x0)[+8.331] 
[+8.358] I (8524) wifi:[+8.359] state: assoc -> run (0x10)[+8.359] 
[+8.381] I (8554) wifi:[+8.381] connected with Zikkoy, aid = 1, channel 11, 40D, bssid = 5c:7d:ae:fb:6c:60[+8.382] 
[+8.382] I (8554) wifi:[+8.382] security: WPA3-SAE H2E, phy: bgn, rssi: -18, cipher(pairwise:0x3, group:0x3), pmf:1[+8.383] 
[+8.384] I (8554) wifi:[+8.384] pm start, type: 1
[+8.384] 
[+8.384] I (8554) wifi:[+8.384] dp: 1, bi: 102400, li: 10, scale listen interval from 1024000 us to 1024000 us[+8.384] 
[+8.384] I (8554) wifi:[+8.385] set rx beacon pti, rx_bcn_pti: 14, bcn_timeout: 25000, mt_pti: 14, mt_time: 10000[+8.385] 
[+8.393] I (8564) wifi:[+8.393] AP's beacon interval = 102400 us, DTIM period = 1[+8.393] 
[+8.522] I (8694) Application: PlayUiSound (zu bytes)
[+9.862] I (10034) Application: PlayUiSound (zu bytes)
[+9.899] I (10074) esp_netif_handlers: sta ip: 192.168.0.152, mask: 255.255.255.0, gw: 192.168.0.1
[+9.900] I (10074) WifiStation: Got IP: 192.168.0.152
[+9.900] I (10074) BleServer: ===== BLE Initialization Start (async task) =====
[+9.900] I (10074) BleServer:   OK: BLE start task created, initialization will run asynchronously
[+9.900] I (10074) WifiBoard: Connected to WiFi: Zikkoy
[+9.901] I (10074) BLE_INIT: Feature Config, ADV:1, BLE_50:1, DTM:1, SCAN:1, CCA:0, SMP:1, CONNECT:1
[+9.901] E (10074) BLE_INIT: Malloc failed
[+9.903] E (10074) BLE_INIT: Malloc failed
[+9.903] E (10074) BLE_INIT: Malloc failed
[+9.903] E (10074) BLE_INIT: esp_bt_controller_init -4

[+9.903] E (10074) BleServer:   FAILED: esp_bt_controller_init: ESP_ERR_NO_MEM
[+10.024] I (10194) AttitudeDisplay: DebugInfoCard shown: title=通知 hidden=0 card_hidden=0
[+10.025] I (10194) AttitudeDisplay: DebugInfo: 通知 | 已连接 Zikkoy (hold=10000ms builtin_font=1)
==== xiaozhi boot log, uptime=3.942s, sdk=v5.5.4 ====
[+3.943] I (4114) SdCardLog: SD card log redirect started, file=/sdcard/xiaozhi_boot_3.log
[+3.946] I (4114) SdCardLog:   log history: /sdcard/xiaozhi_boot_3.log
[+3.961] I (4134) waveshare_lcd_1_85: 启动日志已重定向到 TF 卡: /sdcard/xiaozhi_boot_3.log
[+4.663] I (4834) WifiStation: Found AP: Zikkoy, BSSID: 5c:7d:ae:fb:6c:60, RSSI: -17, Channel: 11, Authmode: 7
[+4.663] I (4834) WifiBoard: WiFi connecting to Zikkoy
[+4.765] W (4934) wifi:[+4.766] Password length matches WPA2 standards, authmode threshold changes from OPEN to WPA2[+4.767] 
[+5.985] I (6154) wifi:[+5.985] new:<11,2>, old:<1,0>, ap:<255,255>, sta:<11,2>, prof:1, snd_ch_cfg:0x0[+5.985] 
[+5.986] I (6154) wifi:[+5.986] state: init -> auth (0xb0)[+5.986] 
[+6.582] I (6754) wifi:[+6.583] state: auth -> assoc (0x0)[+6.583] 
[+6.588] I (6754) wifi:[+6.589] Association refused temporarily time 1000, comeback time 1100 (TUs)[+6.589] 
[+7.254] I (7424) WifiBoard: BLE delayed start timer fired, starting BLE now...
[+7.255] I (7424) BleServer: ===== BLE Initialization Start (async task) =====
[+7.256] I (7424) BleServer:   OK: BLE start task created, initialization will run asynchronously
[+7.256] I (7424) BLE_INIT: Feature Config, ADV:1, BLE_50:1, DTM:1, SCAN:1, CCA:0, SMP:1, CONNECT:1
[+7.257] E (7424) BLE_INIT: Malloc failed
[+7.257] E (7424) BLE_INIT: esp_bt_controller_init -4

[+7.257] E (7424) BleServer:   FAILED: esp_bt_controller_init: ESP_ERR_NO_MEM
[+7.715] I (7884) wifi:[+7.716] state: assoc -> auth (0xb0)[+7.716] 
[+8.029] I (8194) SdCardLogHttp:   OK: Config ready (max_uri_handlers=30, stack_size=20480, timeout=10s)
[+8.031] I (8204) SdCardLogHttp: [3/5] Initializing display request queue...
[+8.031] I (8204) SdCardLogHttp: Display request queue + timer initialized (queue=4 slots, timer=50ms)
[+8.031] I (8204) SdCardLogHttp:   OK: Display request queue ready
[+8.031] I (8204) SdCardLogHttp: [4/5] Starting HTTP server...
[+8.033] I (8204) SdCardLogHttp:   OK: Server started on port 8080
[+8.033] I (8204) SdCardLogHttp: [5/5] Registering URI handlers...
[+8.033] I (8204) SdCardLogHttp:   [GET] /  -> Web UI
[+8.035] I (8204) SdCardLogHttp:   OK: 29 URI handlers registered
[+8.035] I (8204) SdCardLogHttp: ===== HTTP Server Ready =====
[+8.036] I (8204) SdCardLogHttp:   Port: 8080
[+8.036] I (8204) SdCardLogHttp:   Mount: /sdcard
[+8.036] I (8204) SdCardLogHttp:   Handlers: 29
[+8.036] I (8204) Application: HTTP server start called
[+8.036] I (8204) Application: PlayUiSound (zu bytes)
[+8.036] I (8204) I2S_IF: Paired data: 0x3fcf22ac, current mode: playback, paired in_enable: 0, paired out_enable: 0
[+8.038] I (8204) I2S_IF: STD: TX, data_bit: 16, slot_bit: 16, ws_width: 16, slot_mode: MONO, slot_mask: 0x1
[+8.038] I (8204) I2S_IF: STD: TX, sample_rate_hz: 24000, mclk_multiple: 256, clk_src: 6
[+8.054] I (8224) Adev_Codec: Open codec device OK
[+8.055] I (8224) AudioCodec: Set output enable to true
[+8.058] I (8224) AudioService: Resampling audio from 16000 to 24000
[+8.337] I (8504) wifi:[+8.337] state: auth -> assoc (0x0)[+8.337] 
[+8.354] I (8524) wifi:[+8.355] state: assoc -> run (0x10)[+8.356] 
[+8.383] I (8554) wifi:[+8.383] connected with Zikkoy, aid = 1, channel 11, 40D, bssid = 5c:7d:ae:fb:6c:60[+8.383] 
[+8.383] I (8554) wifi:[+8.384] security: WPA3-SAE H2E, phy: bgn, rssi: -18, cipher(pairwise:0x3, group:0x3), pmf:1[+8.384] 
[+8.384] I (8554) wifi:[+8.384] pm start, type: 1
[+8.384] 
[+8.384] I (8554) wifi:[+8.384] dp: 1, bi: 102400, li: 10, scale listen interval from 1024000 us to 1024000 us[+8.385] 
[+8.385] I (8554) wifi:[+8.385] set rx beacon pti, rx_bcn_pti: 14, bcn_timeout: 25000, mt_pti: 14, mt_time: 10000[+8.386] 
[+8.437] I (8604) wifi:[+8.437] AP's beacon interval = 102400 us, DTIM period = 1[+8.437] 
[+8.519] I (8684) Application: PlayUiSound (zu bytes)
[+9.859] I (10024) Application: PlayUiSound (zu bytes)
[+9.899] I (10074) esp_netif_handlers: sta ip: 192.168.0.152, mask: 255.255.255.0, gw: 192.168.0.1
[+9.900] I (10074) WifiStation: Got IP: 192.168.0.152
[+9.900] I (10074) BleServer: ===== BLE Initialization Start (async task) =====
[+9.900] I (10074) BleServer:   OK: BLE start task created, initialization will run asynchronously
[+9.902] I (10074) WifiBoard: Connected to WiFi: Zikkoy
[+10.036] I (10204) AttitudeDisplay: DebugInfoCard shown: title=通知 hidden=0 card_hidden=0
[+10.036] I (10204) AttitudeDisplay: DebugInfo: 通知 | 已连接 Zikkoy (hold=10000ms builtin_font=1)
[+11.122] I (11294) wifi:[+11.122] [ADDBA]RX DELBA, reason:39, delete tid:0, initiator:1(originator)[+11.122] 
[+11.124] I (11294) wifi:[+11.124] <ba-add>idx:0 (ifx:0, 5c:7d:ae:fb:6c:60), tid:0, ssn:2, winSize:64[+11.125] 
==== xiaozhi boot log, uptime=3.942s, sdk=v5.5.4 ====
[+3.943] I (4114) SdCardLog: SD card log redirect started, file=/sdcard/xiaozhi_boot_3.log
[+3.944] I (4114) SdCardLog:   log history: /sdcard/xiaozhi_boot_3.log
[+3.960] I (4134) waveshare_lcd_1_85: 启动日志已重定向到 TF 卡: /sdcard/xiaozhi_boot_3.log
[+4.661] I (4834) WifiStation: Found AP: Zikkoy, BSSID: 5c:7d:ae:fb:6c:60, RSSI: -16, Channel: 11, Authmode: 7
[+4.661] I (4834) WifiBoard: WiFi connecting to Zikkoy
[+4.765] W (4934) wifi:[+4.765] Password length matches WPA2 standards, authmode threshold changes from OPEN to WPA2[+4.765] 
[+5.981] I (6154) wifi:[+5.981] new:<11,2>, old:<1,0>, ap:<255,255>, sta:<11,2>, prof:1, snd_ch_cfg:0x0[+5.981] 
[+5.982] I (6154) wifi:[+5.982] state: init -> auth (0xb0)[+5.982] 
[+6.587] I (6754) wifi:[+6.587] state: auth -> assoc (0x0)[+6.587] 
[+6.593] I (6764) wifi:[+6.593] Association refused temporarily time 1000, comeback time 1100 (TUs)[+6.593] 
[+7.252] I (7424) WifiBoard: BLE delayed start timer fired, starting BLE now...
[+7.254] I (7424) BleServer: ===== BLE Initialization Start (async task) =====
[+7.254] I (7424) BleServer:   OK: BLE start task created, initialization will run asynchronously
[+7.254] I (7424) BLE_INIT: Feature Config, ADV:1, BLE_50:1, DTM:1, SCAN:1, CCA:0, SMP:1, CONNECT:1
[+7.255] E (7424) BLE_INIT: Malloc failed
[+7.255] E (7424) BLE_INIT: esp_bt_controller_init -4

[+7.255] E (7424) BleServer:   FAILED: esp_bt_controller_init: ESP_ERR_NO_MEM
[+7.720] I (7894) wifi:[+7.720] state: assoc -> auth (0xb0)[+7.720] 
[+8.033] I (8204) SdCardLogHttp:   OK: Config ready (max_uri_handlers=30, stack_size=20480, timeout=10s)
[+8.033] I (8204) SdCardLogHttp: [3/5] Initializing display request queue...
[+8.034] I (8204) SdCardLogHttp: Display request queue + timer initialized (queue=4 slots, timer=50ms)
[+8.034] I (8204) SdCardLogHttp:   OK: Display request queue ready
[+8.034] I (8204) SdCardLogHttp: [4/5] Starting HTTP server...
[+8.035] I (8204) SdCardLogHttp:   OK: Server started on port 8080
[+8.037] I (8204) SdCardLogHttp: [5/5] Registering URI handlers...
[+8.037] I (8204) SdCardLogHttp:   [GET] /  -> Web UI
[+8.038] I (8204) SdCardLogHttp:   OK: 29 URI handlers registered
[+8.038] I (8204) SdCardLogHttp: ===== HTTP Server Ready =====
[+8.038] I (8204) SdCardLogHttp:   Port: 8080
[+8.038] I (8204) SdCardLogHttp:   Mount: /sdcard
[+8.038] I (8204) SdCardLogHttp:   Handlers: 29
[+8.038] I (8204) Application: HTTP server start called
[+8.039] I (8204) Application: PlayUiSound (zu bytes)
[+8.040] I (8214) I2S_IF: Paired data: 0x3fcf22ac, current mode: playback, paired in_enable: 0, paired out_enable: 0
[+8.041] I (8214) I2S_IF: STD: TX, data_bit: 16, slot_bit: 16, ws_width: 16, slot_mode: MONO, slot_mask: 0x1
[+8.041] I (8214) I2S_IF: STD: TX, sample_rate_hz: 24000, mclk_multiple: 256, clk_src: 6
[+8.057] I (8224) Adev_Codec: Open codec device OK
[+8.057] I (8224) AudioCodec: Set output enable to true
[+8.062] I (8234) AudioService: Resampling audio from 16000 to 24000
[+8.318] I (8484) wifi:[+8.318] state: auth -> assoc (0x0)[+8.318] 
[+8.327] I (8494) wifi:[+8.327] state: assoc -> run (0x10)[+8.327] 
[+8.355] I (8524) wifi:[+8.355] connected with Zikkoy, aid = 1, channel 11, 40D, bssid = 5c:7d:ae:fb:6c:60[+8.355] 
[+8.355] I (8524) wifi:[+8.355] security: WPA3-SAE H2E, phy: bgn, rssi: -18, cipher(pairwise:0x3, group:0x3), pmf:1[+8.356] 
[+8.356] I (8524) wifi:[+8.356] pm start, type: 1
[+8.356] 
[+8.356] I (8524) wifi:[+8.356] dp: 1, bi: 102400, li: 10, scale listen interval from 1024000 us to 1024000 us[+8.358] 
[+8.358] I (8524) wifi:[+8.358] set rx beacon pti, rx_bcn_pti: 14, bcn_timeout: 25000, mt_pti: 14, mt_time: 10000[+8.358] 
[+8.371] I (8544) wifi:[+8.371] AP's beacon interval = 102400 us, DTIM period = 1[+8.371] 
[+8.521] I (8694) Application: PlayUiSound (zu bytes)
[+8.852] I (9024) wifi:[+8.852] [ADDBA]RX DELBA, reason:39, delete tid:0, initiator:1(originator)[+8.853] 
[+8.861] I (9034) wifi:[+8.861] <ba-add>idx:0 (ifx:0, 5c:7d:ae:fb:6c:60), tid:0, ssn:2, winSize:64[+8.863] 
[+9.861] I (10034) Application: PlayUiSound (zu bytes)
[+9.869] I (10044) esp_netif_handlers: sta ip: 192.168.0.152, mask: 255.255.255.0, gw: 192.168.0.1
[+9.870] I (10044) WifiStation: Got IP: 192.168.0.152
[+9.870] I (10044) BleServer: ===== BLE Initialization Start (async task) =====
[+9.870] I (10044) BleServer:   OK: BLE start task created, initialization will run asynchronously
[+9.870] I (10044) WifiBoard: Connected to WiFi: Zikkoy
[+9.871] I (10044) BLE_INIT: Feature Config, ADV:1, BLE_50:1, DTM:1, SCAN:1, CCA:0, SMP:1, CONNECT:1
[+9.873] E (10044) BLE_INIT: Malloc failed
[+9.873] E (10044) BLE_INIT: Malloc failed
[+9.873] E (10044) BLE_INIT: esp_bt_controller_init -4

[+9.873] E (10044) BleServer:   FAILED: esp_bt_controller_init: ESP_ERR_NO_MEM
[+9.873] I (10044) AttitudeDisplay: DebugInfoCard shown: title=通知 hidden=0 card_hidden=0
[+9.874] I (10044) AttitudeDisplay: DebugInfo: 通知 | 已连接 Zikkoy (hold=10000ms builtin_font=1)
==== xiaozhi boot log, uptime=3.942s, sdk=v5.5.4 ====
[+3.945] I (4114) SdCardLog: SD card log redirect started, file=/sdcard/xiaozhi_boot_3.log
[+3.946] I (4114) SdCardLog:   log history: /sdcard/xiaozhi_boot_3.log
[+3.961] I (4134) waveshare_lcd_1_85: 启动日志已重定向到 TF 卡: /sdcard/xiaozhi_boot_3.log
[+4.662] I (4834) WifiStation: Found AP: Zikkoy, BSSID: 5c:7d:ae:fb:6c:60, RSSI: -18, Channel: 11, Authmode: 7
[+4.662] I (4834) WifiBoard: WiFi connecting to Zikkoy
[+4.765] W (4934) wifi:[+4.765] Password length matches WPA2 standards, authmode threshold changes from OPEN to WPA2[+4.770] 
[+5.985] I (6154) wifi:[+5.985] new:<11,2>, old:<1,0>, ap:<255,255>, sta:<11,2>, prof:1, snd_ch_cfg:0x0[+5.985] 
[+5.986] I (6154) wifi:[+5.986] state: init -> auth (0xb0)[+5.986] 
[+6.608] I (6774) wifi:[+6.608] state: auth -> assoc (0x0)[+6.608] 
[+6.614] I (6784) wifi:[+6.614] Association refused temporarily time 1000, comeback time 1100 (TUs)[+6.614] 
[+7.253] I (7424) WifiBoard: BLE delayed start timer fired, starting BLE now...
[+7.255] I (7424) BleServer: ===== BLE Initialization Start (async task) =====
[+7.255] I (7424) BleServer:   OK: BLE start task created, initialization will run asynchronously
[+7.255] I (7424) BLE_INIT: Feature Config, ADV:1, BLE_50:1, DTM:1, SCAN:1, CCA:0, SMP:1, CONNECT:1
[+7.256] E (7424) BLE_INIT: Malloc failed
[+7.256] E (7424) BLE_INIT: esp_bt_controller_init -4

[+7.256] E (7424) BleServer:   FAILED: esp_bt_controller_init: ESP_ERR_NO_MEM
[+7.741] I (7914) wifi:[+7.741] state: assoc -> auth (0xb0)[+7.742] 
[+8.052] I (8224) SdCardLogHttp:   OK: Config ready (max_uri_handlers=30, stack_size=20480, timeout=10s)
[+8.052] I (8224) SdCardLogHttp: [3/5] Initializing display request queue...
[+8.053] I (8224) SdCardLogHttp: Display request queue + timer initialized (queue=4 slots, timer=50ms)
[+8.053] I (8224) SdCardLogHttp:   OK: Display request queue ready
[+8.053] I (8224) SdCardLogHttp: [4/5] Starting HTTP server...
[+8.054] I (8224) SdCardLogHttp:   OK: Server started on port 8080
[+8.054] I (8224) SdCardLogHttp: [5/5] Registering URI handlers...
[+8.056] I (8224) SdCardLogHttp:   [GET] /  -> Web UI
[+8.057] I (8224) SdCardLogHttp:   OK: 29 URI handlers registered
[+8.057] I (8224) SdCardLogHttp: ===== HTTP Server Ready =====
[+8.057] I (8224) SdCardLogHttp:   Port: 8080
[+8.057] I (8224) SdCardLogHttp:   Mount: /sdcard
[+8.057] I (8224) SdCardLogHttp:   Handlers: 29
[+8.057] I (8224) Application: HTTP server start called
[+8.057] I (8224) Application: PlayUiSound (zu bytes)
[+8.058] I (8224) I2S_IF: Paired data: 0x3fcf22ac, current mode: playback, paired in_enable: 0, paired out_enable: 0
[+8.059] I (8234) I2S_IF: STD: TX, data_bit: 16, slot_bit: 16, ws_width: 16, slot_mode: MONO, slot_mask: 0x1
[+8.060] I (8234) I2S_IF: STD: TX, sample_rate_hz: 24000, mclk_multiple: 256, clk_src: 6
[+8.076] I (8244) Adev_Codec: Open codec device OK
[+8.076] I (8244) AudioCodec: Set output enable to true
[+8.080] I (8254) AudioService: Resampling audio from 16000 to 24000
[+8.352] I (8524) wifi:[+8.352] state: auth -> assoc (0x0)[+8.354] 
[+8.371] I (8544) wifi:[+8.372] state: assoc -> run (0x10)[+8.372] 
[+8.398] I (8564) wifi:[+8.398] connected with Zikkoy, aid = 1, channel 11, 40D, bssid = 5c:7d:ae:fb:6c:60[+8.398] 
[+8.398] I (8564) wifi:[+8.398] security: WPA3-SAE H2E, phy: bgn, rssi: -17, cipher(pairwise:0x3, group:0x3), pmf:1[+8.399] 
[+8.399] I (8564) wifi:[+8.399] pm start, type: 1
[+8.399] 
[+8.399] I (8564) wifi:[+8.399] dp: 1, bi: 102400, li: 10, scale listen interval from 1024000 us to 1024000 us[+8.399] 
[+8.399] I (8574) wifi:[+8.402] set rx beacon pti, rx_bcn_pti: 14, bcn_timeout: 25000, mt_pti: 14, mt_time: 10000[+8.402] 
[+8.440] I (8614) wifi:[+8.440] AP's beacon interval = 102400 us, DTIM period = 1[+8.440] 
[+8.540] I (8714) Application: PlayUiSound (zu bytes)
[+9.419] I (9594) esp_netif_handlers: sta ip: 192.168.0.152, mask: 255.255.255.0, gw: 192.168.0.1
[+9.420] I (9594) WifiStation: Got IP: 192.168.0.152
[+9.420] I (9594) BleServer: ===== BLE Initialization Start (async task) =====
[+9.420] I (9594) BleServer:   OK: BLE start task created, initialization will run asynchronously
[+9.422] I (9594) WifiBoard: Connected to WiFi: Zikkoy
[+9.425] I (9594) AttitudeDisplay: DebugInfoCard shown: title=通知 hidden=0 card_hidden=0
[+9.425] I (9594) AttitudeDisplay: DebugInfo: 通知 | 已连接 Zikkoy (hold=10000ms builtin_font=1)
[+9.880] I (10054) Application: PlayUiSound (zu bytes)
[+10.285] I (10454) wifi:[+10.285] [ADDBA]RX DELBA, reason:39, delete tid:0, initiator:1(originator)[+10.286] 
[+10.286] I (10454) wifi:[+10.288] <ba-add>idx:0 (ifx:0, 5c:7d:ae:fb:6c:60), tid:0, ssn:3, winSize:64[+10.288] 
[+11.939] I (12104) AttitudeDisplay: WiFi fisheye status -> 1
[+11.939] I (12104) Application: Network connected
[+11.939] I (12104) StateMachine: State: starting -> activating
[+11.939] I (12114) Application: Waking up pre-created activation task
[+11.939] I (12114) Application: Activation task started
[+11.940] I (12114) Application: ActivationTask: Creating OTA object...
[+11.940] I (12114) Application: ActivationTask: OTA object created
[+11.941] I (12114) Application: ActivationTask: Checking assets version...
[+11.942] I (12114) Assets: The storage free size is 19648 KB
[+11.942] I (12114) Assets: The partition size is 3968 KB
==== xiaozhi boot log, uptime=3.942s, sdk=v5.5.4 ====
[+3.943] I (4114) SdCardLog: SD card log redirect started, file=/sdcard/xiaozhi_boot_3.log
[+3.944] I (4114) SdCardLog:   log history: /sdcard/xiaozhi_boot_3.log
[+3.960] I (4134) waveshare_lcd_1_85: 启动日志已重定向到 TF 卡: /sdcard/xiaozhi_boot_3.log
[+4.659] I (4834) WifiStation: Found AP: Zikkoy, BSSID: 5c:7d:ae:fb:6c:60, RSSI: -17, Channel: 11, Authmode: 7
[+4.660] I (4834) WifiBoard: WiFi connecting to Zikkoy
[+4.765] W (4934) wifi:[+4.765] Password length matches WPA2 standards, authmode threshold changes from OPEN to WPA2[+4.766] 
[+5.981] I (6154) wifi:[+5.981] new:<11,2>, old:<1,0>, ap:<255,255>, sta:<11,2>, prof:1, snd_ch_cfg:0x0[+5.981] 
[+5.982] I (6154) wifi:[+5.982] state: init -> auth (0xb0)[+5.982] 
[+6.563] I (6734) wifi:[+6.565] state: auth -> assoc (0x0)[+6.565] 
[+6.571] I (6744) wifi:[+6.571] Association refused temporarily time 1000, comeback time 1100 (TUs)[+6.571] 
[+7.251] I (7424) WifiBoard: BLE delayed start timer fired, starting BLE now...
[+7.251] I (7424) BleServer: ===== BLE Initialization Start (async task) =====
[+7.251] I (7424) BleServer:   OK: BLE start task created, initialization will run asynchronously
[+7.252] I (7424) BLE_INIT: Feature Config, ADV:1, BLE_50:1, DTM:1, SCAN:1, CCA:0, SMP:1, CONNECT:1
[+7.253] E (7424) BLE_INIT: Malloc failed
[+7.253] E (7424) BLE_INIT: esp_bt_controller_init -4

[+7.254] E (7424) BleServer:   FAILED: esp_bt_controller_init: ESP_ERR_NO_MEM
[+7.698] I (7864) wifi:[+7.698] state: assoc -> auth (0xb0)[+7.698] 
[+7.992] I (8164) SdCardLogHttp:   OK: Config ready (max_uri_handlers=30, stack_size=20480, timeout=10s)
[+7.992] I (8164) SdCardLogHttp: [3/5] Initializing display request queue...
[+7.992] I (8164) SdCardLogHttp: Display request queue + timer initialized (queue=4 slots, timer=50ms)
[+7.993] I (8164) SdCardLogHttp:   OK: Display request queue ready
[+7.993] I (8164) SdCardLogHttp: [4/5] Starting HTTP server...
[+7.995] I (8164) SdCardLogHttp:   OK: Server started on port 8080
[+7.995] I (8164) SdCardLogHttp: [5/5] Registering URI handlers...
[+7.995] I (8164) SdCardLogHttp:   [GET] /  -> Web UI
[+7.996] I (8164) SdCardLogHttp:   OK: 29 URI handlers registered
[+7.996] I (8164) SdCardLogHttp: ===== HTTP Server Ready =====
[+7.996] I (8164) SdCardLogHttp:   Port: 8080
[+7.998] I (8164) SdCardLogHttp:   Mount: /sdcard
[+7.998] I (8164) SdCardLogHttp:   Handlers: 29
[+7.998] I (8164) Application: HTTP server start called
[+7.998] I (8164) Application: PlayUiSound (zu bytes)
[+7.998] I (8164) I2S_IF: Paired data: 0x3fcf22ac, current mode: playback, paired in_enable: 0, paired out_enable: 0
[+7.999] I (8164) I2S_IF: STD: TX, data_bit: 16, slot_bit: 16, ws_width: 16, slot_mode: MONO, slot_mask: 0x1
[+7.999] I (8174) I2S_IF: STD: TX, sample_rate_hz: 24000, mclk_multiple: 256, clk_src: 6
[+8.018] I (8184) Adev_Codec: Open codec device OK
[+8.018] I (8184) AudioCodec: Set output enable to true
[+8.023] I (8194) AudioService: Resampling audio from 16000 to 24000
[+8.297] I (8464) wifi:[+8.297] state: auth -> assoc (0x0)[+8.297] 
[+8.316] I (8484) wifi:[+8.316] state: assoc -> run (0x10)[+8.316] 
[+8.345] I (8514) wifi:[+8.345] connected with Zikkoy, aid = 1, channel 11, 40D, bssid = 5c:7d:ae:fb:6c:60[+8.346] 
[+8.346] I (8514) wifi:[+8.346] security: WPA3-SAE H2E, phy: bgn, rssi: -19, cipher(pairwise:0x3, group:0x3), pmf:1[+8.347] 
[+8.347] I (8514) wifi:[+8.347] pm start, type: 1
[+8.348] 
[+8.348] I (8514) wifi:[+8.348] dp: 1, bi: 102400, li: 10, scale listen interval from 1024000 us to 1024000 us[+8.348] 
[+8.348] I (8514) wifi:[+8.348] set rx beacon pti, rx_bcn_pti: 14, bcn_timeout: 25000, mt_pti: 14, mt_time: 10000[+8.349] 
[+8.425] I (8594) wifi:[+8.425] AP's beacon interval = 102400 us, DTIM period = 1[+8.425] 
[+8.481] I (8654) Application: PlayUiSound (zu bytes)
[+8.631] I (8804) wifi:[+8.632] [ADDBA]RX DELBA, reason:39, delete tid:0, initiator:1(originator)[+8.632] 
[+8.633] I (8804) wifi:[+8.633] <ba-add>idx:0 (ifx:0, 5c:7d:ae:fb:6c:60), tid:0, ssn:2, winSize:64[+8.633] 
[+9.821] I (9994) Application: PlayUiSound (zu bytes)
[+9.879] I (10054) esp_netif_handlers: sta ip: 192.168.0.152, mask: 255.255.255.0, gw: 192.168.0.1
[+9.880] I (10054) WifiStation: Got IP: 192.168.0.152
[+9.880] I (10054) BleServer: ===== BLE Initialization Start (async task) =====
[+9.881] I (10054) BleServer:   OK: BLE start task created, initialization will run asynchronously
[+9.882] I (10054) WifiBoard: Connected to WiFi: Zikkoy
[+9.915] I (10084) AttitudeDisplay: DebugInfoCard shown: title=通知 hidden=0 card_hidden=0
[+9.915] I (10084) AttitudeDisplay: DebugInfo: 通知 | 已连接 Zikkoy (hold=10000ms builtin_font=1)
[+11.735] I (11904) AttitudeDisplay: WiFi fisheye status -> 1
[+11.736] I (11904) Application: Network connected
[+11.736] I (11904) StateMachine: State: starting -> activating
[+11.738] I (11904) Application: Waking up pre-created activation task
[+11.738] I (11904) Application: Activation task started
[+11.738] I (11904) Application: ActivationTask: Creating OTA object...
[+11.738] I (11904) Application: ActivationTask: OTA object created
[+11.738] I (11904) Application: ActivationTask: Checking assets version...
[+11.738] I (11904) Assets: The storage free size is 19648 KB
[+11.739] I (11904) Assets: The partition size is 3968 KB
[+11.891] I (12064) Assets: The checksum calculation time is 152 ms
[+11.895] I (12064) MODEL_LOADER: Successfully load srmodels
[+11.897] I (12064) Assets: Refreshing display theme...
[+11.898] I (12064) Application: ActivationTask: Assets version check done
[+11.898] I (12064) Application: ActivationTask: Checking new version...
[+11.898] I (12064) Application: ActivationTask: New version check done
[+11.898] I (12064) Application: ActivationTask: Initializing protocol...
==== xiaozhi boot log, uptime=3.942s, sdk=v5.5.4 ====
[+3.943] I (4114) SdCardLog: SD card log redirect started, file=/sdcard/xiaozhi_boot_3.log
[+3.945] I (4114) SdCardLog:   log history: /sdcard/xiaozhi_boot_3.log
[+3.961] I (4134) waveshare_lcd_1_85: 启动日志已重定向到 TF 卡: /sdcard/xiaozhi_boot_3.log
[+4.661] I (4834) WifiStation: Found AP: Zikkoy, BSSID: 5c:7d:ae:fb:6c:60, RSSI: -17, Channel: 11, Authmode: 7
[+4.661] I (4834) WifiBoard: WiFi connecting to Zikkoy
[+4.765] W (4934) wifi:[+4.765] Password length matches WPA2 standards, authmode threshold changes from OPEN to WPA2[+4.767] 
[+6.050] I (6224) wifi:[+6.051] new:<11,2>, old:<1,0>, ap:<255,255>, sta:<11,2>, prof:1, snd_ch_cfg:0x0[+6.051] 
[+6.051] I (6224) wifi:[+6.052] state: init -> auth (0xb0)[+6.052] 
[+6.635] I (6804) wifi:[+6.635] state: auth -> assoc (0x0)[+6.635] 
[+6.642] I (6814) wifi:[+6.642] Association refused temporarily time 1000, comeback time 1100 (TUs)[+6.642] 
[+7.251] I (7424) WifiBoard: BLE delayed start timer fired, starting BLE now...
[+7.252] I (7424) BleServer: ===== BLE Initialization Start (async task) =====
[+7.254] I (7424) BleServer:   OK: BLE start task created, initialization will run asynchronously
[+7.254] I (7424) BLE_INIT: Feature Config, ADV:1, BLE_50:1, DTM:1, SCAN:1, CCA:0, SMP:1, CONNECT:1
[+7.255] E (7424) BLE_INIT: Malloc failed
[+7.255] E (7424) BLE_INIT: esp_bt_controller_init -4

[+7.255] E (7424) BleServer:   FAILED: esp_bt_controller_init: ESP_ERR_NO_MEM
[+7.769] I (7934) wifi:[+7.769] state: assoc -> auth (0xb0)[+7.769] 
[+8.080] I (8244) SdCardLogHttp:   OK: Config ready (max_uri_handlers=30, stack_size=20480, timeout=10s)
[+8.081] I (8254) SdCardLogHttp: [3/5] Initializing display request queue...
[+8.082] I (8254) SdCardLogHttp: Display request queue + timer initialized (queue=4 slots, timer=50ms)
[+8.082] I (8254) SdCardLogHttp:   OK: Display request queue ready
[+8.082] I (8254) SdCardLogHttp: [4/5] Starting HTTP server...
[+8.083] I (8254) SdCardLogHttp:   OK: Server started on port 8080
[+8.083] I (8254) SdCardLogHttp: [5/5] Registering URI handlers...
[+8.084] I (8254) SdCardLogHttp:   [GET] /  -> Web UI
[+8.086] I (8254) SdCardLogHttp:   OK: 29 URI handlers registered
[+8.086] I (8254) SdCardLogHttp: ===== HTTP Server Ready =====
[+8.086] I (8254) SdCardLogHttp:   Port: 8080
[+8.086] I (8254) SdCardLogHttp:   Mount: /sdcard
[+8.086] I (8254) SdCardLogHttp:   Handlers: 29
[+8.086] I (8254) Application: HTTP server start called
[+8.087] I (8254) Application: PlayUiSound (zu bytes)
[+8.087] I (8254) I2S_IF: Paired data: 0x3fcf22ac, current mode: playback, paired in_enable: 0, paired out_enable: 0
[+8.089] I (8254) I2S_IF: STD: TX, data_bit: 16, slot_bit: 16, ws_width: 16, slot_mode: MONO, slot_mask: 0x1
[+8.089] I (8254) I2S_IF: STD: TX, sample_rate_hz: 24000, mclk_multiple: 256, clk_src: 6
[+8.105] I (8274) Adev_Codec: Open codec device OK
[+8.106] I (8274) AudioCodec: Set output enable to true
[+8.366] I (8534) wifi:[+8.367] state: auth -> assoc (0x0)[+8.367] 
[+8.369] I (8534) AudioService: Resampling audio from 16000 to 24000
[+8.383] I (8554) wifi:[+8.384] state: assoc -> run (0x10)[+8.385] 
[+8.412] I (8584) wifi:[+8.412] connected with Zikkoy, aid = 1, channel 11, 40D, bssid = 5c:7d:ae:fb:6c:60[+8.413] 
[+8.413] I (8584) wifi:[+8.413] security: WPA3-SAE H2E, phy: bgn, rssi: -18, cipher(pairwise:0x3, group:0x3), pmf:1[+8.413] 
[+8.413] I (8584) wifi:[+8.413] pm start, type: 1
[+8.413] 
[+8.413] I (8584) wifi:[+8.414] dp: 1, bi: 102400, li: 10, scale listen interval from 1024000 us to 1024000 us[+8.414] 
[+8.414] I (8584) wifi:[+8.414] set rx beacon pti, rx_bcn_pti: 14, bcn_timeout: 25000, mt_pti: 14, mt_time: 10000[+8.415] 
[+8.506] I (8674) wifi:[+8.506] AP's beacon interval = 102400 us, DTIM period = 1[+8.507] 
[+8.610] I (8784) wifi:[+8.610] [ADDBA]RX DELBA, reason:39, delete tid:0, initiator:1(originator)[+8.611] 
[+8.612] I (8784) wifi:[+8.612] <ba-add>idx:0 (ifx:0, 5c:7d:ae:fb:6c:60), tid:0, ssn:2, winSize:64[+8.612] 
[+8.799] I (8964) Application: PlayUiSound (zu bytes)
[+9.929] I (10104) esp_netif_handlers: sta ip: 192.168.0.152, mask: 255.255.255.0, gw: 192.168.0.1
[+9.931] I (10104) WifiStation: Got IP: 192.168.0.152
[+9.931] I (10104) BleServer: ===== BLE Initialization Start (async task) =====
[+9.932] I (10104) BleServer:   OK: BLE start task created, initialization will run asynchronously
[+9.932] I (10104) WifiBoard: Connected to WiFi: Zikkoy
[+9.932] I (10104) BLE_INIT: Feature Config, ADV:1, BLE_50:1, DTM:1, SCAN:1, CCA:0, SMP:1, CONNECT:1
[+9.932] E (10104) BLE_INIT: Malloc failed
[+9.932] E (10104) BLE_INIT: Malloc failed
[+9.933] E (10104) BLE_INIT: Malloc failed
[+9.936] E (10104) BLE_INIT: esp_bt_controller_init -4

[+9.936] E (10104) BleServer:   FAILED: esp_bt_controller_init: ESP_ERR_NO_MEM
[+10.006] I (10174) AttitudeDisplay: DebugInfoCard shown: title=通知 hidden=0 card_hidden=0
[+10.007] I (10174) AttitudeDisplay: DebugInfo: 通知 | 已连接 Zikkoy (hold=10000ms builtin_font=1)
[+10.139] I (10314) Application: PlayUiSound (zu bytes)
==== xiaozhi boot log, uptime=3.942s, sdk=v5.5.4 ====
[+3.943] I (4114) SdCardLog: SD card log redirect started, file=/sdcard/xiaozhi_boot_3.log
[+3.946] I (4114) SdCardLog:   log history: /sdcard/xiaozhi_boot_3.log
[+3.961] I (4134) waveshare_lcd_1_85: 启动日志已重定向到 TF 卡: /sdcard/xiaozhi_boot_3.log
[+4.661] I (4834) WifiStation: Found AP: Zikkoy, BSSID: 5c:7d:ae:fb:6c:60, RSSI: -18, Channel: 11, Authmode: 7
[+4.661] I (4834) WifiBoard: WiFi connecting to Zikkoy
[+4.765] W (4934) wifi:[+4.765] Password length matches WPA2 standards, authmode threshold changes from OPEN to WPA2[+4.765] 
[+5.987] I (6154) wifi:[+5.989] new:<11,2>, old:<1,0>, ap:<255,255>, sta:<11,2>, prof:1, snd_ch_cfg:0x0[+5.989] 
[+5.989] I (6164) wifi:[+5.990] state: init -> auth (0xb0)[+5.990] 
[+6.584] I (6754) wifi:[+6.584] state: auth -> assoc (0x0)[+6.585] 
[+6.596] I (6764) wifi:[+6.596] Association refused temporarily time 1000, comeback time 1100 (TUs)[+6.596] 
[+7.251] I (7424) WifiBoard: BLE delayed start timer fired, starting BLE now...
[+7.252] I (7424) BleServer: ===== BLE Initialization Start (async task) =====
[+7.253] I (7424) BleServer:   OK: BLE start task created, initialization will run asynchronously
[+7.254] I (7424) BLE_INIT: Feature Config, ADV:1, BLE_50:1, DTM:1, SCAN:1, CCA:0, SMP:1, CONNECT:1
[+7.254] E (7424) BLE_INIT: Malloc failed
[+7.254] E (7424) BLE_INIT: esp_bt_controller_init -4

[+7.254] E (7424) BleServer:   FAILED: esp_bt_controller_init: ESP_ERR_NO_MEM
[+7.723] I (7894) wifi:[+7.723] state: assoc -> auth (0xb0)[+7.723] 
[+8.041] I (8214) SdCardLogHttp:   OK: Config ready (max_uri_handlers=30, stack_size=20480, timeout=10s)
[+8.042] I (8214) SdCardLogHttp: [3/5] Initializing display request queue...
[+8.042] I (8214) SdCardLogHttp: Display request queue + timer initialized (queue=4 slots, timer=50ms)
[+8.043] I (8214) SdCardLogHttp:   OK: Display request queue ready
[+8.043] I (8214) SdCardLogHttp: [4/5] Starting HTTP server...
[+8.044] I (8214) SdCardLogHttp:   OK: Server started on port 8080
[+8.044] I (8214) SdCardLogHttp: [5/5] Registering URI handlers...
[+8.044] I (8214) SdCardLogHttp:   [GET] /  -> Web UI
[+8.047] I (8214) SdCardLogHttp:   OK: 29 URI handlers registered
[+8.047] I (8214) SdCardLogHttp: ===== HTTP Server Ready =====
[+8.047] I (8214) SdCardLogHttp:   Port: 8080
[+8.047] I (8214) SdCardLogHttp:   Mount: /sdcard
[+8.047] I (8214) SdCardLogHttp:   Handlers: 29
[+8.047] I (8214) Application: HTTP server start called
[+8.048] I (8214) Application: PlayUiSound (zu bytes)
[+8.048] I (8214) I2S_IF: Paired data: 0x3fcf22ac, current mode: playback, paired in_enable: 0, paired out_enable: 0
[+8.049] I (8224) I2S_IF: STD: TX, data_bit: 16, slot_bit: 16, ws_width: 16, slot_mode: MONO, slot_mask: 0x1
[+8.050] I (8224) I2S_IF: STD: TX, sample_rate_hz: 24000, mclk_multiple: 256, clk_src: 6
[+8.066] I (8234) Adev_Codec: Open codec device OK
[+8.066] I (8234) AudioCodec: Set output enable to true
[+8.070] I (8244) AudioService: Resampling audio from 16000 to 24000
[+8.373] I (8544) wifi:[+8.373] state: auth -> assoc (0x0)[+8.373] 
[+8.390] I (8564) wifi:[+8.391] state: assoc -> run (0x10)[+8.391] 
[+8.418] I (8584) wifi:[+8.418] connected with Zikkoy, aid = 1, channel 11, 40D, bssid = 5c:7d:ae:fb:6c:60[+8.418] 
[+8.419] I (8584) wifi:[+8.419] security: WPA3-SAE H2E, phy: bgn, rssi: -17, cipher(pairwise:0x3, group:0x3), pmf:1[+8.419] 
[+8.419] I (8584) wifi:[+8.419] pm start, type: 1
[+8.419] 
[+8.419] I (8594) wifi:[+8.419] dp: 1, bi: 102400, li: 10, scale listen interval from 1024000 us to 1024000 us[+8.420] 
[+8.420] I (8594) wifi:[+8.420] set rx beacon pti, rx_bcn_pti: 14, bcn_timeout: 25000, mt_pti: 14, mt_time: 10000[+8.422] 
[+8.442] I (8614) wifi:[+8.442] AP's beacon interval = 102400 us, DTIM period = 1[+8.442] 
[+8.530] I (8704) Application: PlayUiSound (zu bytes)
[+9.439] I (9614) esp_netif_handlers: sta ip: 192.168.0.152, mask: 255.255.255.0, gw: 192.168.0.1
[+9.440] I (9614) WifiStation: Got IP: 192.168.0.152
[+9.440] I (9614) BleServer: ===== BLE Initialization Start (async task) =====
[+9.440] I (9614) BleServer:   OK: BLE start task created, initialization will run asynchronously
[+9.442] I (9614) WifiBoard: Connected to WiFi: Zikkoy
[+9.461] I (9634) AttitudeDisplay: DebugInfoCard shown: title=通知 hidden=0 card_hidden=0
[+9.461] I (9634) AttitudeDisplay: DebugInfo: 通知 | 已连接 Zikkoy (hold=10000ms builtin_font=1)
[+9.870] I (10044) Application: PlayUiSound (zu bytes)
[+11.876] I (12044) AttitudeDisplay: WiFi fisheye status -> 1
[+11.876] I (12044) Application: Network connected
[+11.876] I (12044) StateMachine: State: starting -> activating
[+11.877] I (12044) Application: Waking up pre-created activation task
[+11.878] I (12044) Application: Activation task started
[+11.878] I (12044) Application: ActivationTask: Creating OTA object...
[+11.879] I (12044) Application: ActivationTask: OTA object created
[+11.879] I (12044) Application: ActivationTask: Checking assets version...
[+11.879] I (12044) Assets: The storage free size is 19648 KB
[+11.879] I (12044) Assets: The partition size is 3968 KB
==== xiaozhi boot log, uptime=3.942s, sdk=v5.5.4 ====
[+3.944] I (4114) SdCardLog: SD card log redirect started, file=/sdcard/xiaozhi_boot_3.log
[+3.946] I (4114) SdCardLog:   log history: /sdcard/xiaozhi_boot_3.log
[+3.962] I (4134) waveshare_lcd_1_85: 启动日志已重定向到 TF 卡: /sdcard/xiaozhi_boot_3.log
[+4.663] I (4834) WifiStation: Found AP: Zikkoy, BSSID: 5c:7d:ae:fb:6c:60, RSSI: -18, Channel: 11, Authmode: 7
[+4.664] I (4834) WifiBoard: WiFi connecting to Zikkoy
[+4.765] W (4934) wifi:[+4.765] Password length matches WPA2 standards, authmode threshold changes from OPEN to WPA2[+4.767] 
[+5.982] I (6154) wifi:[+5.982] new:<11,2>, old:<1,0>, ap:<255,255>, sta:<11,2>, prof:1, snd_ch_cfg:0x0[+5.983] 
[+5.983] I (6154) wifi:[+5.983] state: init -> auth (0xb0)[+5.983] 
[+6.563] I (6734) wifi:[+6.564] state: auth -> assoc (0x0)[+6.564] 
[+6.569] I (6744) wifi:[+6.569] Association refused temporarily time 1000, comeback time 1100 (TUs)[+6.569] 
[+7.254] I (7424) WifiBoard: BLE delayed start timer fired, starting BLE now...
[+7.255] I (7424) BleServer: ===== BLE Initialization Start (async task) =====
[+7.256] I (7424) BleServer:   OK: BLE start task created, initialization will run asynchronously
[+7.256] I (7424) BLE_INIT: Feature Config, ADV:1, BLE_50:1, DTM:1, SCAN:1, CCA:0, SMP:1, CONNECT:1
[+7.257] E (7424) BLE_INIT: Malloc failed
[+7.257] E (7424) BLE_INIT: esp_bt_controller_init -4

[+7.257] E (7424) BleServer:   FAILED: esp_bt_controller_init: ESP_ERR_NO_MEM
[+7.696] I (7864) wifi:[+7.696] state: assoc -> auth (0xb0)[+7.696] 
[+7.990] I (8154) SdCardLogHttp:   OK: Config ready (max_uri_handlers=30, stack_size=20480, timeout=10s)
[+7.992] I (8164) SdCardLogHttp: [3/5] Initializing display request queue...
[+7.992] I (8164) SdCardLogHttp: Display request queue + timer initialized (queue=4 slots, timer=50ms)
[+7.992] I (8164) SdCardLogHttp:   OK: Display request queue ready
[+7.992] I (8164) SdCardLogHttp: [4/5] Starting HTTP server...
[+7.993] I (8164) SdCardLogHttp:   OK: Server started on port 8080
[+7.993] I (8164) SdCardLogHttp: [5/5] Registering URI handlers...
[+7.994] I (8164) SdCardLogHttp:   [GET] /  -> Web UI
[+7.998] I (8164) SdCardLogHttp:   OK: 29 URI handlers registered
[+7.999] I (8164) SdCardLogHttp: ===== HTTP Server Ready =====
[+7.999] I (8164) SdCardLogHttp:   Port: 8080
[+7.999] I (8164) SdCardLogHttp:   Mount: /sdcard
[+7.999] I (8164) SdCardLogHttp:   Handlers: 29
[+7.999] I (8164) Application: HTTP server start called
[+7.999] I (8174) Application: PlayUiSound (zu bytes)
[+8.000] I (8174) I2S_IF: Paired data: 0x3fcf22ac, current mode: playback, paired in_enable: 0, paired out_enable: 0
[+8.001] I (8174) I2S_IF: STD: TX, data_bit: 16, slot_bit: 16, ws_width: 16, slot_mode: MONO, slot_mask: 0x1
[+8.002] I (8174) I2S_IF: STD: TX, sample_rate_hz: 24000, mclk_multiple: 256, clk_src: 6
[+8.018] I (8184) Adev_Codec: Open codec device OK
[+8.019] I (8184) AudioCodec: Set output enable to true
[+8.023] I (8194) AudioService: Resampling audio from 16000 to 24000
[+8.293] I (8464) wifi:[+8.293] state: auth -> assoc (0x0)[+8.293] 
[+8.312] I (8484) wifi:[+8.312] state: assoc -> run (0x10)[+8.314] 
[+8.348] I (8514) wifi:[+8.348] connected with Zikkoy, aid = 1, channel 11, 40D, bssid = 5c:7d:ae:fb:6c:60[+8.348] 
[+8.348] I (8514) wifi:[+8.348] security: WPA3-SAE H2E, phy: bgn, rssi: -19, cipher(pairwise:0x3, group:0x3), pmf:1[+8.348] 
[+8.349] I (8514) wifi:[+8.349] pm start, type: 1
[+8.349] 
[+8.349] I (8514) wifi:[+8.349] dp: 1, bi: 102400, li: 10, scale listen interval from 1024000 us to 1024000 us[+8.349] 
[+8.349] I (8524) wifi:[+8.350] set rx beacon pti, rx_bcn_pti: 14, bcn_timeout: 25000, mt_pti: 14, mt_time: 10000[+8.351] 
[+8.388] I (8554) wifi:[+8.389] AP's beacon interval = 102400 us, DTIM period = 1[+8.389] 
[+8.482] I (8654) Application: PlayUiSound (zu bytes)
[+8.595] I (8764) wifi:[+8.595] [ADDBA]RX DELBA, reason:39, delete tid:0, initiator:1(originator)[+8.595] 
[+8.596] I (8764) wifi:[+8.596] <ba-add>idx:0 (ifx:0, 5c:7d:ae:fb:6c:60), tid:0, ssn:2, winSize:64[+8.597] 
[+9.822] I (9994) Application: PlayUiSound (zu bytes)
[+9.879] I (10054) esp_netif_handlers: sta ip: 192.168.0.152, mask: 255.255.255.0, gw: 192.168.0.1
[+9.881] I (10054) WifiStation: Got IP: 192.168.0.152
[+9.881] I (10054) BleServer: ===== BLE Initialization Start (async task) =====
[+9.882] I (10054) BleServer:   OK: BLE start task created, initialization will run asynchronously
[+9.882] I (10054) WifiBoard: Connected to WiFi: Zikkoy
[+9.882] I (10054) BLE_INIT: Feature Config, ADV:1, BLE_50:1, DTM:1, SCAN:1, CCA:0, SMP:1, CONNECT:1
[+9.882] E (10054) BLE_INIT: Malloc failed
[+9.882] E (10054) BLE_INIT: Malloc failed
[+9.884] E (10054) BLE_INIT: Malloc failed
[+9.884] E (10054) BLE_INIT: esp_bt_controller_init -4

[+9.884] E (10054) BleServer:   FAILED: esp_bt_controller_init: ESP_ERR_NO_MEM
[+9.934] I (10104) AttitudeDisplay: DebugInfoCard shown: title=通知 hidden=0 card_hidden=0
[+9.935] I (10104) AttitudeDisplay: DebugInfo: 通知 | 已连接 Zikkoy (hold=10000ms builtin_font=1)
[+11.900] I (12074) AttitudeDisplay: WiFi fisheye status -> 1
[+11.900] I (12074) Application: Network connected
[+11.904] I (12074) StateMachine: State: starting -> activating
[+11.904] I (12074) Application: Waking up pre-created activation task
[+11.904] I (12074) Application: Activation task started
[+11.904] I (12074) Application: ActivationTask: Creating OTA object...
[+11.904] I (12074) Application: ActivationTask: OTA object created
[+11.905] I (12074) Application: ActivationTask: Checking assets version...
[+11.905] I (12074) Assets: The storage free size is 19648 KB
[+11.905] I (12074) Assets: The partition size is 3968 KB
==== xiaozhi boot log, uptime=3.942s, sdk=v5.5.4 ====
[+3.943] I (4114) SdCardLog: SD card log redirect started, file=/sdcard/xiaozhi_boot_3.log
[+3.944] I (4114) SdCardLog:   log history: /sdcard/xiaozhi_boot_3.log
[+3.959] I (4134) waveshare_lcd_1_85: 启动日志已重定向到 TF 卡: /sdcard/xiaozhi_boot_3.log
[+4.660] I (4834) WifiStation: Found AP: Zikkoy, BSSID: 5c:7d:ae:fb:6c:60, RSSI: -18, Channel: 11, Authmode: 7
[+4.660] I (4834) WifiBoard: WiFi connecting to Zikkoy
[+4.765] W (4934) wifi:[+4.767] Password length matches WPA2 standards, authmode threshold changes from OPEN to WPA2[+4.767] 
[+5.982] I (6154) wifi:[+5.982] new:<11,2>, old:<1,0>, ap:<255,255>, sta:<11,2>, prof:1, snd_ch_cfg:0x0[+5.982] 
[+5.983] I (6154) wifi:[+5.983] state: init -> auth (0xb0)[+5.983] 
[+6.587] I (6754) wifi:[+6.587] state: auth -> assoc (0x0)[+6.587] 
[+6.594] I (6764) wifi:[+6.594] Association refused temporarily time 999, comeback time 1099 (TUs)[+6.594] 
[+7.251] I (7424) WifiBoard: BLE delayed start timer fired, starting BLE now...
[+7.253] I (7424) BleServer: ===== BLE Initialization Start (async task) =====
[+7.253] I (7424) BleServer:   OK: BLE start task created, initialization will run asynchronously
[+7.253] I (7424) BLE_INIT: Feature Config, ADV:1, BLE_50:1, DTM:1, SCAN:1, CCA:0, SMP:1, CONNECT:1
[+7.254] E (7424) BLE_INIT: Malloc failed
[+7.254] E (7424) BLE_INIT: esp_bt_controller_init -4

[+7.254] E (7424) BleServer:   FAILED: esp_bt_controller_init: ESP_ERR_NO_MEM
[+7.720] I (7894) wifi:[+7.722] state: assoc -> auth (0xb0)[+7.722] 
[+8.032] I (8204) SdCardLogHttp:   OK: Config ready (max_uri_handlers=30, stack_size=20480, timeout=10s)
[+8.033] I (8204) SdCardLogHttp: [3/5] Initializing display request queue...
[+8.033] I (8204) SdCardLogHttp: Display request queue + timer initialized (queue=4 slots, timer=50ms)
[+8.033] I (8204) SdCardLogHttp:   OK: Display request queue ready
[+8.033] I (8204) SdCardLogHttp: [4/5] Starting HTTP server...
[+8.034] I (8204) SdCardLogHttp:   OK: Server started on port 8080
[+8.036] I (8204) SdCardLogHttp: [5/5] Registering URI handlers...
[+8.036] I (8204) SdCardLogHttp:   [GET] /  -> Web UI
[+8.037] I (8204) SdCardLogHttp:   OK: 29 URI handlers registered
[+8.037] I (8204) SdCardLogHttp: ===== HTTP Server Ready =====
[+8.037] I (8204) SdCardLogHttp:   Port: 8080
[+8.037] I (8204) SdCardLogHttp:   Mount: /sdcard
[+8.038] I (8204) SdCardLogHttp:   Handlers: 29
[+8.038] I (8204) Application: HTTP server start called
[+8.038] I (8204) Application: PlayUiSound (zu bytes)
[+8.041] I (8214) I2S_IF: Paired data: 0x3fcf22ac, current mode: playback, paired in_enable: 0, paired out_enable: 0
[+8.042] I (8214) I2S_IF: STD: TX, data_bit: 16, slot_bit: 16, ws_width: 16, slot_mode: MONO, slot_mask: 0x1
[+8.042] I (8214) I2S_IF: STD: TX, sample_rate_hz: 24000, mclk_multiple: 256, clk_src: 6
[+8.058] I (8224) Adev_Codec: Open codec device OK
[+8.058] I (8224) AudioCodec: Set output enable to true
[+8.063] I (8234) AudioService: Resampling audio from 16000 to 24000
[+8.340] I (8514) wifi:[+8.342] state: auth -> assoc (0x0)[+8.342] 
[+8.361] I (8534) wifi:[+8.361] state: assoc -> run (0x10)[+8.362] 
[+8.391] I (8564) wifi:[+8.391] connected with Zikkoy, aid = 1, channel 11, 40D, bssid = 5c:7d:ae:fb:6c:60[+8.391] 
[+8.391] I (8564) wifi:[+8.391] security: WPA3-SAE H2E, phy: bgn, rssi: -19, cipher(pairwise:0x3, group:0x3), pmf:1[+8.392] 
[+8.392] I (8564) wifi:[+8.392] pm start, type: 1
[+8.392] 
[+8.392] I (8564) wifi:[+8.392] dp: 1, bi: 102400, li: 10, scale listen interval from 1024000 us to 1024000 us[+8.394] 
[+8.394] I (8564) wifi:[+8.394] set rx beacon pti, rx_bcn_pti: 14, bcn_timeout: 25000, mt_pti: 14, mt_time: 10000[+8.394] 
[+8.411] I (8584) wifi:[+8.411] AP's beacon interval = 102400 us, DTIM period = 1[+8.412] 
[+8.425] I (8594) wifi:[+8.426] [ADDBA]RX DELBA, reason:39, delete tid:0, initiator:1(originator)[+8.426] 
[+8.427] I (8594) wifi:[+8.427] <ba-add>idx:0 (ifx:0, 5c:7d:ae:fb:6c:60), tid:0, ssn:2, winSize:64[+8.427] 
[+8.522] I (8694) Application: PlayUiSound (zu bytes)
[+9.862] I (10034) Application: PlayUiSound (zu bytes)
[+9.919] I (10094) esp_netif_handlers: sta ip: 192.168.0.152, mask: 255.255.255.0, gw: 192.168.0.1
[+9.920] I (10094) WifiStation: Got IP: 192.168.0.152
[+9.920] I (10094) BleServer: ===== BLE Initialization Start (async task) =====
[+9.920] I (10094) BleServer:   OK: BLE start task created, initialization will run asynchronously
[+9.920] I (10094) WifiBoard: Connected to WiFi: Zikkoy
[+9.921] I (10094) BLE_INIT: Feature Config, ADV:1, BLE_50:1, DTM:1, SCAN:1, CCA:0, SMP:1, CONNECT:1
[+9.923] E (10094) BLE_INIT: Malloc failed
[+9.923] E (10094) BLE_INIT: Malloc failed
[+9.923] E (10094) BLE_INIT: Malloc failed
[+9.923] E (10094) BLE_INIT: esp_bt_controller_init -4

[+9.923] E (10094) BleServer:   FAILED: esp_bt_controller_init: ESP_ERR_NO_MEM
[+10.036] I (10204) AttitudeDisplay: DebugInfoCard shown: title=通知 hidden=0 card_hidden=0
[+10.037] I (10204) AttitudeDisplay: DebugInfo: 通知 | 已连接 Zikkoy (hold=10000ms builtin_font=1)
[+11.907] I (12074) AttitudeDisplay: WiFi fisheye status -> 1
[+11.909] I (12084) Application: Network connected
[+11.909] I (12084) StateMachine: State: starting -> activating
[+11.910] I (12084) Application: Waking up pre-created activation task
[+11.910] I (12084) Application: Activation task started
[+11.910] I (12084) Application: ActivationTask: Creating OTA object...
[+11.910] I (12084) Application: ActivationTask: OTA object created
[+11.910] I (12084) Application: ActivationTask: Checking assets version...
[+11.910] I (12084) Assets: The storage free size is 19648 KB
[+11.912] I (12084) Assets: The partition size is 3968 KB
==== xiaozhi boot log, uptime=3.942s, sdk=v5.5.4 ====
[+3.943] I (4114) SdCardLog: SD card log redirect started, file=/sdcard/xiaozhi_boot_3.log
[+3.944] I (4114) SdCardLog:   log history: /sdcard/xiaozhi_boot_3.log
[+3.960] I (4134) waveshare_lcd_1_85: 启动日志已重定向到 TF 卡: /sdcard/xiaozhi_boot_3.log
[+4.660] I (4834) WifiStation: Found AP: Zikkoy, BSSID: 5c:7d:ae:fb:6c:60, RSSI: -17, Channel: 11, Authmode: 7
[+4.662] I (4834) WifiBoard: WiFi connecting to Zikkoy
[+4.765] W (4934) wifi:[+4.765] Password length matches WPA2 standards, authmode threshold changes from OPEN to WPA2[+4.766] 
[+5.981] I (6154) wifi:[+5.981] new:<11,2>, old:<1,0>, ap:<255,255>, sta:<11,2>, prof:1, snd_ch_cfg:0x0[+5.981] 
[+5.982] I (6154) wifi:[+5.982] state: init -> auth (0xb0)[+5.982] 
[+6.585] I (6754) wifi:[+6.585] state: auth -> assoc (0x0)[+6.585] 
[+6.594] I (6764) wifi:[+6.594] Association refused temporarily time 1000, comeback time 1100 (TUs)[+6.595] 
[+7.251] I (7424) WifiBoard: BLE delayed start timer fired, starting BLE now...
[+7.252] I (7424) BleServer: ===== BLE Initialization Start (async task) =====
[+7.252] I (7424) BleServer:   OK: BLE start task created, initialization will run asynchronously
[+7.252] I (7424) BLE_INIT: Feature Config, ADV:1, BLE_50:1, DTM:1, SCAN:1, CCA:0, SMP:1, CONNECT:1
[+7.253] E (7424) BLE_INIT: Malloc failed
[+7.253] E (7424) BLE_INIT: esp_bt_controller_init -4

[+7.254] E (7424) BleServer:   FAILED: esp_bt_controller_init: ESP_ERR_NO_MEM
[+7.722] I (7894) wifi:[+7.722] state: assoc -> auth (0xb0)[+7.722] 
[+8.034] I (8204) SdCardLogHttp:   OK: Config ready (max_uri_handlers=30, stack_size=20480, timeout=10s)
[+8.034] I (8204) SdCardLogHttp: [3/5] Initializing display request queue...
[+8.034] I (8204) SdCardLogHttp: Display request queue + timer initialized (queue=4 slots, timer=50ms)
[+8.034] I (8204) SdCardLogHttp:   OK: Display request queue ready
[+8.035] I (8204) SdCardLogHttp: [4/5] Starting HTTP server...
[+8.037] I (8204) SdCardLogHttp:   OK: Server started on port 8080
[+8.037] I (8204) SdCardLogHttp: [5/5] Registering URI handlers...
[+8.038] I (8204) SdCardLogHttp:   [GET] /  -> Web UI
[+8.039] I (8204) SdCardLogHttp:   OK: 29 URI handlers registered
[+8.039] I (8204) SdCardLogHttp: ===== HTTP Server Ready =====
[+8.039] I (8204) SdCardLogHttp:   Port: 8080
[+8.039] I (8204) SdCardLogHttp:   Mount: /sdcard
[+8.039] I (8204) SdCardLogHttp:   Handlers: 29
[+8.040] I (8214) Application: HTTP server start called
[+8.041] I (8214) Application: PlayUiSound (zu bytes)
[+8.041] I (8214) I2S_IF: Paired data: 0x3fcf22ac, current mode: playback, paired in_enable: 0, paired out_enable: 0
[+8.042] I (8214) I2S_IF: STD: TX, data_bit: 16, slot_bit: 16, ws_width: 16, slot_mode: MONO, slot_mask: 0x1
[+8.042] I (8214) I2S_IF: STD: TX, sample_rate_hz: 24000, mclk_multiple: 256, clk_src: 6
[+8.058] I (8224) Adev_Codec: Open codec device OK
[+8.058] I (8224) AudioCodec: Set output enable to true
[+8.063] I (8234) AudioService: Resampling audio from 16000 to 24000
[+8.337] I (8504) wifi:[+8.337] state: auth -> assoc (0x0)[+8.337] 
[+8.354] I (8524) wifi:[+8.355] state: assoc -> run (0x10)[+8.355] 
[+8.381] I (8554) wifi:[+8.381] connected with Zikkoy, aid = 1, channel 11, 40D, bssid = 5c:7d:ae:fb:6c:60[+8.381] 
[+8.382] I (8554) wifi:[+8.382] security: WPA3-SAE H2E, phy: bgn, rssi: -18, cipher(pairwise:0x3, group:0x3), pmf:1[+8.382] 
[+8.382] I (8554) wifi:[+8.382] pm start, type: 1
[+8.387] 
[+8.388] I (8554) wifi:[+8.388] dp: 1, bi: 102400, li: 10, scale listen interval from 1024000 us to 1024000 us[+8.388] 
[+8.388] I (8554) wifi:[+8.388] set rx beacon pti, rx_bcn_pti: 14, bcn_timeout: 25000, mt_pti: 14, mt_time: 10000[+8.388] 
[+8.426] I (8594) wifi:[+8.426] AP's beacon interval = 102400 us, DTIM period = 1[+8.426] 
[+8.522] I (8694) Application: PlayUiSound (zu bytes)
[+9.409] I (9584) esp_netif_handlers: sta ip: 192.168.0.152, mask: 255.255.255.0, gw: 192.168.0.1
[+9.410] I (9584) WifiStation: Got IP: 192.168.0.152
[+9.412] I (9584) BleServer: ===== BLE Initialization Start (async task) =====
[+9.412] I (9584) BleServer:   OK: BLE start task created, initialization will run asynchronously
[+9.412] I (9584) WifiBoard: Connected to WiFi: Zikkoy
[+9.412] I (9584) BLE_INIT: Feature Config, ADV:1, BLE_50:1, DTM:1, SCAN:1, CCA:0, SMP:1, CONNECT:1
[+9.413] E (9584) BLE_INIT: Malloc failed
[+9.413] E (9584) BLE_INIT: Malloc failed
[+9.413] E (9584) BLE_INIT: Malloc failed
[+9.413] E (9584) BLE_INIT: esp_bt_controller_init -4

[+9.414] E (9584) BleServer:   FAILED: esp_bt_controller_init: ESP_ERR_NO_MEM
[+9.439] I (9604) AttitudeDisplay: DebugInfoCard shown: title=通知 hidden=0 card_hidden=0
[+9.439] I (9614) AttitudeDisplay: DebugInfo: 通知 | 已连接 Zikkoy (hold=10000ms builtin_font=1)
[+9.862] I (10034) Application: PlayUiSound (zu bytes)
[+9.964] I (10134) wifi:[+9.964] [ADDBA]RX DELBA, reason:39, delete tid:0, initiator:1(originator)[+9.965] 
[+9.966] I (10134) wifi:[+9.966] <ba-add>idx:0 (ifx:0, 5c:7d:ae:fb:6c:60), tid:0, ssn:2, winSize:64[+9.967] 
[+10.286] W (10454) httpd_uri: httpd_uri: URI '/api/device/clear-logs' not found
[+10.286] W (10454) httpd_txrx: httpd_resp_send_err: 404 Not Found - Nothing matches the given URI
[+11.878] I (12044) AttitudeDisplay: WiFi fisheye status -> 1
[+11.879] I (12044) Application: Network connected
[+11.879] I (12044) StateMachine: State: starting -> activating
[+11.879] I (12044) Application: Waking up pre-created activation task
[+11.879] I (12054) Application: Activation task started
[+11.881] I (12054) Application: ActivationTask: Creating OTA object...
[+11.881] I (12054) Application: ActivationTask: OTA object created
[+11.881] I (12054) Application: ActivationTask: Checking assets version...
[+11.881] I (12054) Assets: The storage free size is 19648 KB
[+11.882] I (12054) Assets: The partition size is 3968 KB
==== xiaozhi boot log, uptime=3.942s, sdk=v5.5.4 ====
[+3.943] I (4114) SdCardLog: SD card log redirect started, file=/sdcard/xiaozhi_boot_3.log
[+3.946] I (4114) SdCardLog:   log history: /sdcard/xiaozhi_boot_3.log
[+3.961] I (4134) waveshare_lcd_1_85: 启动日志已重定向到 TF 卡: /sdcard/xiaozhi_boot_3.log
[+4.661] I (4834) WifiStation: Found AP: Zikkoy, BSSID: 5c:7d:ae:fb:6c:60, RSSI: -17, Channel: 11, Authmode: 7
[+4.661] I (4834) WifiBoard: WiFi connecting to Zikkoy
[+4.765] W (4934) wifi:[+4.765] Password length matches WPA2 standards, authmode threshold changes from OPEN to WPA2[+4.765] 
[+5.981] I (6154) wifi:[+5.981] new:<11,2>, old:<1,0>, ap:<255,255>, sta:<11,2>, prof:1, snd_ch_cfg:0x0[+5.982] 
[+5.983] I (6154) wifi:[+5.983] state: init -> auth (0xb0)[+5.983] 
[+6.578] I (6744) wifi:[+6.579] state: auth -> assoc (0x0)[+6.579] 
[+6.584] I (6754) wifi:[+6.584] Association refused temporarily time 1000, comeback time 1100 (TUs)[+6.584] 
[+7.252] I (7424) WifiBoard: BLE delayed start timer fired, starting BLE now...
[+7.252] I (7424) BleServer: ===== BLE Initialization Start (async task) =====
[+7.252] I (7424) BleServer:   OK: BLE start task created, initialization will run asynchronously
[+7.711] I (7884) wifi:[+7.711] state: assoc -> auth (0xb0)[+7.711] 
[+8.025] I (8194) SdCardLogHttp:   OK: Config ready (max_uri_handlers=30, stack_size=20480, timeout=10s)
[+8.025] I (8194) SdCardLogHttp: [3/5] Initializing display request queue...
[+8.026] I (8194) SdCardLogHttp: Display request queue + timer initialized (queue=4 slots, timer=50ms)
[+8.026] I (8194) SdCardLogHttp:   OK: Display request queue ready
[+8.026] I (8194) SdCardLogHttp: [4/5] Starting HTTP server...
[+8.028] I (8194) SdCardLogHttp:   OK: Server started on port 8080
[+8.029] I (8194) SdCardLogHttp: [5/5] Registering URI handlers...
[+8.029] I (8194) SdCardLogHttp:   [GET] /  -> Web UI
[+8.030] I (8204) SdCardLogHttp:   OK: 29 URI handlers registered
[+8.030] I (8204) SdCardLogHttp: ===== HTTP Server Ready =====
[+8.030] I (8204) SdCardLogHttp:   Port: 8080
[+8.030] I (8204) SdCardLogHttp:   Mount: /sdcard
[+8.030] I (8204) SdCardLogHttp:   Handlers: 29
[+8.030] I (8204) Application: HTTP server start called
[+8.032] I (8204) Application: PlayUiSound (zu bytes)
[+8.032] I (8204) I2S_IF: Paired data: 0x3fcf22ac, current mode: playback, paired in_enable: 0, paired out_enable: 0
[+8.033] I (8204) I2S_IF: STD: TX, data_bit: 16, slot_bit: 16, ws_width: 16, slot_mode: MONO, slot_mask: 0x1
[+8.033] I (8204) I2S_IF: STD: TX, sample_rate_hz: 24000, mclk_multiple: 256, clk_src: 6
[+8.049] I (8214) Adev_Codec: Open codec device OK
[+8.050] I (8224) AudioCodec: Set output enable to true
[+8.055] I (8224) AudioService: Resampling audio from 16000 to 24000
[+8.322] I (8494) wifi:[+8.322] state: auth -> assoc (0x0)[+8.323] 
[+8.341] I (8514) wifi:[+8.342] state: assoc -> run (0x10)[+8.342] 
[+8.373] I (8544) wifi:[+8.374] connected with Zikkoy, aid = 1, channel 11, 40D, bssid = 5c:7d:ae:fb:6c:60[+8.374] 
[+8.374] I (8544) wifi:[+8.374] security: WPA3-SAE H2E, phy: bgn, rssi: -17, cipher(pairwise:0x3, group:0x3), pmf:1[+8.374] 
[+8.375] I (8544) wifi:[+8.375] pm start, type: 1
[+8.375] 
[+8.379] I (8544) wifi:[+8.379] dp: 1, bi: 102400, li: 10, scale listen interval from 1024000 us to 1024000 us[+8.379] 
[+8.380] I (8554) wifi:[+8.380] set rx beacon pti, rx_bcn_pti: 14, bcn_timeout: 25000, mt_pti: 14, mt_time: 10000[+8.380] 
[+8.468] I (8634) wifi:[+8.469] AP's beacon interval = 102400 us, DTIM period = 1[+8.469] 
[+8.513] I (8684) Application: PlayUiSound (zu bytes)
[+8.572] I (8744) wifi:[+8.573] [ADDBA]RX DELBA, reason:39, delete tid:0, initiator:1(originator)[+8.573] 
[+8.574] I (8744) wifi:[+8.576] <ba-add>idx:0 (ifx:0, 5c:7d:ae:fb:6c:60), tid:0, ssn:2, winSize:64[+8.576] 
[+9.410] I (9584) esp_netif_handlers: sta ip: 192.168.0.152, mask: 255.255.255.0, gw: 192.168.0.1
[+9.410] I (9584) WifiStation: Got IP: 192.168.0.152
[+9.410] I (9584) BleServer: ===== BLE Initialization Start (async task) =====
[+9.411] I (9584) BleServer:   OK: BLE start task created, initialization will run asynchronously
[+9.411] I (9584) WifiBoard: Connected to WiFi: Zikkoy
[+9.411] I (9584) BLE_INIT: Feature Config, ADV:1, BLE_50:1, DTM:1, SCAN:1, CCA:0, SMP:1, CONNECT:1
[+9.413] E (9584) BLE_INIT: Malloc failed
[+9.413] E (9584) BLE_INIT: Malloc failed
[+9.413] E (9584) BLE_INIT: Malloc failed
[+9.413] E (9584) BLE_INIT: esp_bt_controller_init -4

[+9.414] E (9584) BleServer:   FAILED: esp_bt_controller_init: ESP_ERR_NO_MEM
[+9.441] I (9614) AttitudeDisplay: DebugInfoCard shown: title=通知 hidden=0 card_hidden=0
[+9.441] I (9614) AttitudeDisplay: DebugInfo: 通知 | 已连接 Zikkoy (hold=10000ms builtin_font=1)
[+9.853] I (10024) Application: PlayUiSound (zu bytes)
[+11.896] I (12064) AttitudeDisplay: WiFi fisheye status -> 1
[+11.897] I (12064) Application: Network connected
[+11.897] I (12064) StateMachine: State: starting -> activating
[+11.897] I (12064) Application: Waking up pre-created activation task
[+11.897] I (12064) Application: Activation task started
[+11.897] I (12064) Application: ActivationTask: Creating OTA object...
[+11.897] I (12064) Application: ActivationTask: OTA object created
[+11.897] I (12064) Application: ActivationTask: Checking assets version...
[+11.899] I (12064) Assets: The storage free size is 19648 KB
[+11.899] I (12074) Assets: The partition size is 3968 KB
==== xiaozhi boot log, uptime=3.942s, sdk=v5.5.4 ====
[+3.943] I (4114) SdCardLog: SD card log redirect started, file=/sdcard/xiaozhi_boot_3.log
[+3.944] I (4114) SdCardLog:   log history: /sdcard/xiaozhi_boot_3.log
[+3.960] I (4134) waveshare_lcd_1_85: 启动日志已重定向到 TF 卡: /sdcard/xiaozhi_boot_3.log
[+4.660] I (4834) WifiStation: Found AP: Zikkoy, BSSID: 5c:7d:ae:fb:6c:60, RSSI: -17, Channel: 11, Authmode: 7
[+4.662] I (4834) WifiBoard: WiFi connecting to Zikkoy
[+4.765] W (4934) wifi:[+4.765] Password length matches WPA2 standards, authmode threshold changes from OPEN to WPA2[+4.765] 
[+5.981] I (6154) wifi:[+5.981] new:<11,2>, old:<1,0>, ap:<255,255>, sta:<11,2>, prof:1, snd_ch_cfg:0x0[+5.981] 
[+5.982] I (6154) wifi:[+5.982] state: init -> auth (0xb0)[+5.982] 
[+6.609] I (6774) wifi:[+6.609] state: auth -> assoc (0x0)[+6.611] 
[+6.620] I (6794) wifi:[+6.620] Association refused temporarily time 999, comeback time 1099 (TUs)[+6.620] 
[+7.251] I (7424) WifiBoard: BLE delayed start timer fired, starting BLE now...
[+7.251] I (7424) BleServer: ===== BLE Initialization Start (async task) =====
[+7.252] I (7424) BleServer:   OK: BLE start task created, initialization will run asynchronously
[+7.252] I (7424) BLE_INIT: Feature Config, ADV:1, BLE_50:1, DTM:1, SCAN:1, CCA:0, SMP:1, CONNECT:1
[+7.252] E (7424) BLE_INIT: Malloc failed
[+7.254] E (7424) BLE_INIT: esp_bt_controller_init -4

[+7.254] E (7424) BleServer:   FAILED: esp_bt_controller_init: ESP_ERR_NO_MEM
[+7.746] I (7914) wifi:[+7.746] state: assoc -> auth (0xb0)[+7.746] 
[+8.054] I (8224) SdCardLogHttp:   OK: Config ready (max_uri_handlers=30, stack_size=20480, timeout=10s)
[+8.054] I (8224) SdCardLogHttp: [3/5] Initializing display request queue...
[+8.054] I (8224) SdCardLogHttp: Display request queue + timer initialized (queue=4 slots, timer=50ms)
[+8.054] I (8224) SdCardLogHttp:   OK: Display request queue ready
[+8.056] I (8224) SdCardLogHttp: [4/5] Starting HTTP server...
[+8.057] I (8224) SdCardLogHttp:   OK: Server started on port 8080
[+8.057] I (8224) SdCardLogHttp: [5/5] Registering URI handlers...
[+8.057] I (8224) SdCardLogHttp:   [GET] /  -> Web UI
[+8.058] I (8224) SdCardLogHttp:   OK: 29 URI handlers registered
[+8.058] I (8224) SdCardLogHttp: ===== HTTP Server Ready =====
[+8.059] I (8224) SdCardLogHttp:   Port: 8080
[+8.059] I (8224) SdCardLogHttp:   Mount: /sdcard
[+8.060] I (8234) SdCardLogHttp:   Handlers: 29
[+8.060] I (8234) Application: HTTP server start called
[+8.060] I (8234) Application: PlayUiSound (zu bytes)
[+8.061] I (8234) I2S_IF: Paired data: 0x3fcf22ac, current mode: playback, paired in_enable: 0, paired out_enable: 0
[+8.061] I (8234) I2S_IF: STD: TX, data_bit: 16, slot_bit: 16, ws_width: 16, slot_mode: MONO, slot_mask: 0x1
[+8.062] I (8234) I2S_IF: STD: TX, sample_rate_hz: 24000, mclk_multiple: 256, clk_src: 6
[+8.078] I (8244) Adev_Codec: Open codec device OK
[+8.080] I (8254) AudioCodec: Set output enable to true
[+8.085] I (8254) AudioService: Resampling audio from 16000 to 24000
[+8.355] I (8524) wifi:[+8.356] state: auth -> assoc (0x0)[+8.356] 
[+8.384] I (8554) wifi:[+8.384] state: assoc -> run (0x10)[+8.384] 
[+8.404] I (8574) wifi:[+8.404] connected with Zikkoy, aid = 1, channel 11, 40D, bssid = 5c:7d:ae:fb:6c:60[+8.405] 
[+8.405] I (8574) wifi:[+8.405] security: WPA3-SAE H2E, phy: bgn, rssi: -18, cipher(pairwise:0x3, group:0x3), pmf:1[+8.406] 
[+8.407] I (8574) wifi:[+8.407] pm start, type: 1
[+8.407] 
[+8.407] I (8574) wifi:[+8.407] dp: 1, bi: 102400, li: 10, scale listen interval from 1024000 us to 1024000 us[+8.407] 
[+8.407] I (8574) wifi:[+8.407] set rx beacon pti, rx_bcn_pti: 14, bcn_timeout: 25000, mt_pti: 14, mt_time: 10000[+8.408] 
[+8.496] I (8664) wifi:[+8.496] AP's beacon interval = 102400 us, DTIM period = 1[+8.496] 
[+8.542] I (8714) Application: PlayUiSound (zu bytes)
[+9.141] I (9314) wifi:[+9.141] [ADDBA]RX DELBA, reason:39, delete tid:0, initiator:1(originator)[+9.144] 
[+9.145] I (9314) wifi:[+9.145] <ba-add>idx:0 (ifx:0, 5c:7d:ae:fb:6c:60), tid:0, ssn:2, winSize:64[+9.146] 
[+9.882] I (10054) Application: PlayUiSound (zu bytes)
[+9.919] I (10094) esp_netif_handlers: sta ip: 192.168.0.152, mask: 255.255.255.0, gw: 192.168.0.1
[+9.920] I (10094) WifiStation: Got IP: 192.168.0.152
[+9.920] I (10094) BleServer: ===== BLE Initialization Start (async task) =====
[+9.920] I (10094) BleServer:   OK: BLE start task created, initialization will run asynchronously
[+9.922] I (10094) WifiBoard: Connected to WiFi: Zikkoy
[+10.005] I (10174) AttitudeDisplay: DebugInfoCard shown: title=通知 hidden=0 card_hidden=0
[+10.005] I (10174) AttitudeDisplay: DebugInfo: 通知 | 已连接 Zikkoy (hold=10000ms builtin_font=1)
==== xiaozhi boot log, uptime=3.942s, sdk=v5.5.4 ====
[+3.943] I (4114) SdCardLog: SD card log redirect started, file=/sdcard/xiaozhi_boot_3.log
[+3.944] I (4114) SdCardLog:   log history: /sdcard/xiaozhi_boot_3.log
[+3.961] I (4134) waveshare_lcd_1_85: 启动日志已重定向到 TF 卡: /sdcard/xiaozhi_boot_3.log
[+4.661] I (4834) WifiStation: Found AP: Zikkoy, BSSID: 5c:7d:ae:fb:6c:60, RSSI: -17, Channel: 11, Authmode: 7
[+4.661] I (4834) WifiBoard: WiFi connecting to Zikkoy
[+4.765] W (4934) wifi:[+4.765] Password length matches WPA2 standards, authmode threshold changes from OPEN to WPA2[+4.765] 
[+5.993] I (6164) wifi:[+5.994] new:<11,2>, old:<1,0>, ap:<255,255>, sta:<11,2>, prof:1, snd_ch_cfg:0x0[+5.994] 
[+5.995] I (6164) wifi:[+5.996] state: init -> auth (0xb0)[+5.996] 
[+6.593] I (6764) wifi:[+6.594] state: auth -> assoc (0x0)[+6.594] 
[+6.599] I (6774) wifi:[+6.600] Association refused temporarily time 1000, comeback time 1100 (TUs)[+6.600] 
[+7.251] I (7424) WifiBoard: BLE delayed start timer fired, starting BLE now...
[+7.252] I (7424) BleServer: ===== BLE Initialization Start (async task) =====
[+7.252] I (7424) BleServer:   OK: BLE start task created, initialization will run asynchronously
[+7.252] I (7424) BLE_INIT: Feature Config, ADV:1, BLE_50:1, DTM:1, SCAN:1, CCA:0, SMP:1, CONNECT:1
[+7.254] E (7424) BLE_INIT: Malloc failed
[+7.254] E (7424) BLE_INIT: esp_bt_controller_init -4

[+7.254] E (7424) BleServer:   FAILED: esp_bt_controller_init: ESP_ERR_NO_MEM
[+7.726] I (7894) wifi:[+7.727] state: assoc -> auth (0xb0)[+7.727] 
[+8.040] I (8204) SdCardLogHttp:   OK: Config ready (max_uri_handlers=30, stack_size=20480, timeout=10s)
[+8.041] I (8214) SdCardLogHttp: [3/5] Initializing display request queue...
[+8.042] I (8214) SdCardLogHttp: Display request queue + timer initialized (queue=4 slots, timer=50ms)
[+8.042] I (8214) SdCardLogHttp:   OK: Display request queue ready
[+8.042] I (8214) SdCardLogHttp: [4/5] Starting HTTP server...
[+8.044] I (8214) SdCardLogHttp:   OK: Server started on port 8080
[+8.044] I (8214) SdCardLogHttp: [5/5] Registering URI handlers...
[+8.044] I (8214) SdCardLogHttp:   [GET] /  -> Web UI
[+8.045] I (8214) SdCardLogHttp:   OK: 29 URI handlers registered
[+8.045] I (8214) SdCardLogHttp: ===== HTTP Server Ready =====
[+8.046] I (8214) SdCardLogHttp:   Port: 8080
[+8.047] I (8214) SdCardLogHttp:   Mount: /sdcard
[+8.047] I (8214) SdCardLogHttp:   Handlers: 29
[+8.047] I (8214) Application: HTTP server start called
[+8.047] I (8214) Application: PlayUiSound (zu bytes)
[+8.047] I (8214) I2S_IF: Paired data: 0x3fcf22ac, current mode: playback, paired in_enable: 0, paired out_enable: 0
[+8.048] I (8214) I2S_IF: STD: TX, data_bit: 16, slot_bit: 16, ws_width: 16, slot_mode: MONO, slot_mask: 0x1
[+8.049] I (8224) I2S_IF: STD: TX, sample_rate_hz: 24000, mclk_multiple: 256, clk_src: 6
[+8.065] I (8234) Adev_Codec: Open codec device OK
[+8.066] I (8234) AudioCodec: Set output enable to true
[+8.070] I (8244) AudioService: Resampling audio from 16000 to 24000
[+8.349] I (8524) wifi:[+8.350] state: auth -> assoc (0x0)[+8.350] 
[+8.368] I (8534) wifi:[+8.368] state: assoc -> run (0x10)[+8.368] 
[+8.397] I (8564) wifi:[+8.397] connected with Zikkoy, aid = 1, channel 11, 40D, bssid = 5c:7d:ae:fb:6c:60[+8.398] 
[+8.399] I (8564) wifi:[+8.399] security: WPA3-SAE H2E, phy: bgn, rssi: -19, cipher(pairwise:0x3, group:0x3), pmf:1[+8.399] 
[+8.399] I (8564) wifi:[+8.399] pm start, type: 1
[+8.399] 
[+8.399] I (8574) wifi:[+8.399] dp: 1, bi: 102400, li: 10, scale listen interval from 1024000 us to 1024000 us[+8.400] 
[+8.400] I (8574) wifi:[+8.400] set rx beacon pti, rx_bcn_pti: 14, bcn_timeout: 25000, mt_pti: 14, mt_time: 10000[+8.400] 
[+8.452] I (8624) wifi:[+8.453] AP's beacon interval = 102400 us, DTIM period = 1[+8.455] 
[+8.530] I (8704) Application: PlayUiSound (zu bytes)
[+9.065] I (9234) wifi:[+9.066] [ADDBA]RX DELBA, reason:39, delete tid:0, initiator:1(originator)[+9.066] 
[+9.067] I (9234) wifi:[+9.067] <ba-add>idx:0 (ifx:0, 5c:7d:ae:fb:6c:60), tid:0, ssn:2, winSize:64[+9.068] 
[+9.870] I (10044) Application: PlayUiSound (zu bytes)
[+9.929] I (10104) esp_netif_handlers: sta ip: 192.168.0.152, mask: 255.255.255.0, gw: 192.168.0.1
[+9.930] I (10104) WifiStation: Got IP: 192.168.0.152
[+9.930] I (10104) BleServer: ===== BLE Initialization Start (async task) =====
[+9.932] I (10104) BleServer:   OK: BLE start task created, initialization will run asynchronously
[+9.932] I (10104) WifiBoard: Connected to WiFi: Zikkoy
[+9.932] I (10104) BLE_INIT: Feature Config, ADV:1, BLE_50:1, DTM:1, SCAN:1, CCA:0, SMP:1, CONNECT:1
[+9.933] E (10104) BLE_INIT: Malloc failed
[+9.933] E (10104) BLE_INIT: Malloc failed
[+9.933] E (10104) BLE_INIT: Malloc failed
[+9.933] E (10104) BLE_INIT: esp_bt_controller_init -4

[+9.938] E (10104) BleServer:   FAILED: esp_bt_controller_init: ESP_ERR_NO_MEM
[+10.050] I (10224) AttitudeDisplay: DebugInfoCard shown: title=通知 hidden=0 card_hidden=0
[+10.050] I (10224) AttitudeDisplay: DebugInfo: 通知 | 已连接 Zikkoy (hold=10000ms builtin_font=1)
[+10.409] I (10584) SdCardLogHttp: Reboot requested via HTTP API
==== xiaozhi boot log, uptime=3.942s, sdk=v5.5.4 ====
[+3.943] I (4114) SdCardLog: SD card log redirect started, file=/sdcard/xiaozhi_boot_3.log
[+3.944] I (4114) SdCardLog:   log history: /sdcard/xiaozhi_boot_3.log
[+3.961] I (4134) waveshare_lcd_1_85: 启动日志已重定向到 TF 卡: /sdcard/xiaozhi_boot_3.log
[+4.661] I (4834) WifiStation: Found AP: Zikkoy, BSSID: 5c:7d:ae:fb:6c:60, RSSI: -17, Channel: 11, Authmode: 7
[+4.662] I (4834) WifiBoard: WiFi connecting to Zikkoy
[+4.765] W (4934) wifi:[+4.765] Password length matches WPA2 standards, authmode threshold changes from OPEN to WPA2[+4.765] 
[+5.981] I (6154) wifi:[+5.981] new:<11,2>, old:<1,0>, ap:<255,255>, sta:<11,2>, prof:1, snd_ch_cfg:0x0[+5.983] 
[+5.983] I (6154) wifi:[+5.983] state: init -> auth (0xb0)[+5.983] 
[+6.572] I (6744) wifi:[+6.572] state: auth -> assoc (0x0)[+6.572] 
[+6.582] I (6754) wifi:[+6.582] Association refused temporarily time 1000, comeback time 1100 (TUs)[+6.582] 
[+7.253] I (7424) WifiBoard: BLE delayed start timer fired, starting BLE now...
[+7.253] I (7424) BleServer: ===== BLE Initialization Start (async task) =====
[+7.253] I (7424) BleServer:   OK: BLE start task created, initialization will run asynchronously
[+7.709] I (7874) wifi:[+7.709] state: assoc -> auth (0xb0)[+7.709] 
[+8.025] I (8194) SdCardLogHttp:   OK: Config ready (max_uri_handlers=30, stack_size=20480, timeout=10s)
[+8.025] I (8194) SdCardLogHttp: [3/5] Initializing display request queue...
[+8.025] I (8194) SdCardLogHttp: Display request queue + timer initialized (queue=4 slots, timer=50ms)
[+8.026] I (8194) SdCardLogHttp:   OK: Display request queue ready
[+8.026] I (8194) SdCardLogHttp: [4/5] Starting HTTP server...
[+8.028] I (8194) SdCardLogHttp:   OK: Server started on port 8080
[+8.028] I (8194) SdCardLogHttp: [5/5] Registering URI handlers...
[+8.029] I (8194) SdCardLogHttp:   [GET] /  -> Web UI
[+8.030] I (8204) SdCardLogHttp:   OK: 29 URI handlers registered
[+8.030] I (8204) SdCardLogHttp: ===== HTTP Server Ready =====
[+8.030] I (8204) SdCardLogHttp:   Port: 8080
[+8.030] I (8204) SdCardLogHttp:   Mount: /sdcard
[+8.030] I (8204) SdCardLogHttp:   Handlers: 29
[+8.030] I (8204) Application: HTTP server start called
[+8.032] I (8204) Application: PlayUiSound (zu bytes)
[+8.032] I (8204) I2S_IF: Paired data: 0x3fcf22ac, current mode: playback, paired in_enable: 0, paired out_enable: 0
[+8.032] I (8204) I2S_IF: STD: TX, data_bit: 16, slot_bit: 16, ws_width: 16, slot_mode: MONO, slot_mask: 0x1
[+8.033] I (8204) I2S_IF: STD: TX, sample_rate_hz: 24000, mclk_multiple: 256, clk_src: 6
[+8.049] I (8214) Adev_Codec: Open codec device OK
[+8.049] I (8224) AudioCodec: Set output enable to true
[+8.054] I (8224) AudioService: Resampling audio from 16000 to 24000
[+8.335] I (8504) wifi:[+8.336] state: auth -> assoc (0x0)[+8.336] 
[+8.361] I (8534) wifi:[+8.361] state: assoc -> run (0x10)[+8.361] 
[+8.384] I (8554) wifi:[+8.385] connected with Zikkoy, aid = 1, channel 11, 40D, bssid = 5c:7d:ae:fb:6c:60[+8.385] 
[+8.385] I (8554) wifi:[+8.385] security: WPA3-SAE H2E, phy: bgn, rssi: -17, cipher(pairwise:0x3, group:0x3), pmf:1[+8.385] 
[+8.386] I (8554) wifi:[+8.386] pm start, type: 1
[+8.386] 
[+8.386] I (8554) wifi:[+8.386] dp: 1, bi: 102400, li: 10, scale listen interval from 1024000 us to 1024000 us[+8.388] 
[+8.388] I (8554) wifi:[+8.388] set rx beacon pti, rx_bcn_pti: 14, bcn_timeout: 25000, mt_pti: 14, mt_time: 10000[+8.388] 
[+8.473] I (8644) wifi:[+8.473] AP's beacon interval = 102400 us, DTIM period = 1[+8.473] 
[+8.513] I (8684) Application: PlayUiSound (zu bytes)
[+9.853] I (10024) Application: PlayUiSound (zu bytes)
[+9.909] I (10084) esp_netif_handlers: sta ip: 192.168.0.152, mask: 255.255.255.0, gw: 192.168.0.1
[+9.911] I (10084) WifiStation: Got IP: 192.168.0.152
[+9.912] I (10084) BleServer: ===== BLE Initialization Start (async task) =====
[+9.912] I (10084) BleServer:   OK: BLE start task created, initialization will run asynchronously
[+9.912] I (10084) WifiBoard: Connected to WiFi: Zikkoy
[+9.912] I (10084) BLE_INIT: Feature Config, ADV:1, BLE_50:1, DTM:1, SCAN:1, CCA:0, SMP:1, CONNECT:1
[+9.913] E (10084) BLE_INIT: Malloc failed
[+9.913] E (10084) BLE_INIT: Malloc failed
[+9.913] E (10084) BLE_INIT: esp_bt_controller_init -4

[+9.915] E (10084) BleServer:   FAILED: esp_bt_controller_init: ESP_ERR_NO_MEM
[+10.054] I (10224) AttitudeDisplay: DebugInfoCard shown: title=通知 hidden=0 card_hidden=0
[+10.055] I (10224) AttitudeDisplay: DebugInfo: 通知 | 已连接 Zikkoy (hold=10000ms builtin_font=1)
==== xiaozhi boot log, uptime=3.943s, sdk=v5.5.4 ====
[+3.944] I (4114) SdCardLog: SD card log redirect started, file=/sdcard/xiaozhi_boot_3.log
[+3.945] I (4114) SdCardLog:   log history: /sdcard/xiaozhi_boot_3.log
[+3.962] I (4134) waveshare_lcd_1_85: 启动日志已重定向到 TF 卡: /sdcard/xiaozhi_boot_3.log
[+4.663] I (4834) WifiStation: Found AP: Zikkoy, BSSID: 5c:7d:ae:fb:6c:60, RSSI: -19, Channel: 11, Authmode: 7
[+4.664] I (4834) WifiBoard: WiFi connecting to Zikkoy
[+4.765] W (4934) wifi:[+4.765] Password length matches WPA2 standards, authmode threshold changes from OPEN to WPA2[+4.765] 
[+5.980] I (6154) wifi:[+5.981] new:<11,2>, old:<1,0>, ap:<255,255>, sta:<11,2>, prof:1, snd_ch_cfg:0x0[+5.981] 
[+5.981] I (6154) wifi:[+5.983] state: init -> auth (0xb0)[+5.983] 
[+6.579] I (6744) wifi:[+6.579] state: auth -> assoc (0x0)[+6.579] 
[+6.589] I (6754) wifi:[+6.589] Association refused temporarily time 1000, comeback time 1100 (TUs)[+6.589] 
[+7.255] I (7424) WifiBoard: BLE delayed start timer fired, starting BLE now...
[+7.255] I (7424) BleServer: ===== BLE Initialization Start (async task) =====
[+7.256] I (7424) BleServer:   OK: BLE start task created, initialization will run asynchronously
[+7.256] I (7424) BLE_INIT: Feature Config, ADV:1, BLE_50:1, DTM:1, SCAN:1, CCA:0, SMP:1, CONNECT:1
[+7.258] E (7424) BLE_INIT: Malloc failed
[+7.258] E (7424) BLE_INIT: esp_bt_controller_init -4

[+7.258] E (7424) BleServer:   FAILED: esp_bt_controller_init: ESP_ERR_NO_MEM
[+7.716] I (7884) wifi:[+7.716] state: assoc -> auth (0xb0)[+7.716] 
[+8.030] I (8194) SdCardLogHttp:   OK: Config ready (max_uri_handlers=30, stack_size=20480, timeout=10s)
[+8.030] I (8204) SdCardLogHttp: [3/5] Initializing display request queue...
[+8.031] I (8204) SdCardLogHttp: Display request queue + timer initialized (queue=4 slots, timer=50ms)
[+8.032] I (8204) SdCardLogHttp:   OK: Display request queue ready
[+8.032] I (8204) SdCardLogHttp: [4/5] Starting HTTP server...
[+8.033] I (8204) SdCardLogHttp:   OK: Server started on port 8080
[+8.034] I (8204) SdCardLogHttp: [5/5] Registering URI handlers...
[+8.034] I (8204) SdCardLogHttp:   [GET] /  -> Web UI
[+8.035] I (8204) SdCardLogHttp:   OK: 29 URI handlers registered
[+8.035] I (8204) SdCardLogHttp: ===== HTTP Server Ready =====
[+8.036] I (8204) SdCardLogHttp:   Port: 8080
[+8.036] I (8204) SdCardLogHttp:   Mount: /sdcard
[+8.036] I (8204) SdCardLogHttp:   Handlers: 29
[+8.036] I (8204) Application: HTTP server start called
[+8.037] I (8204) Application: PlayUiSound (zu bytes)
[+8.037] I (8204) I2S_IF: Paired data: 0x3fcf22ac, current mode: playback, paired in_enable: 0, paired out_enable: 0
[+8.038] I (8204) I2S_IF: STD: TX, data_bit: 16, slot_bit: 16, ws_width: 16, slot_mode: MONO, slot_mask: 0x1
[+8.039] I (8204) I2S_IF: STD: TX, sample_rate_hz: 24000, mclk_multiple: 256, clk_src: 6
[+8.055] I (8224) Adev_Codec: Open codec device OK
[+8.055] I (8224) AudioCodec: Set output enable to true
[+8.060] I (8234) AudioService: Resampling audio from 16000 to 24000
[+8.328] I (8494) wifi:[+8.328] state: auth -> assoc (0x0)[+8.328] 
[+8.346] I (8514) wifi:[+8.346] state: assoc -> run (0x10)[+8.346] 
[+8.375] I (8544) wifi:[+8.376] connected with Zikkoy, aid = 1, channel 11, 40D, bssid = 5c:7d:ae:fb:6c:60[+8.377] 
[+8.378] I (8544) wifi:[+8.378] security: WPA3-SAE H2E, phy: bgn, rssi: -19, cipher(pairwise:0x3, group:0x3), pmf:1[+8.378] 
[+8.378] I (8544) wifi:[+8.378] pm start, type: 1
[+8.378] 
[+8.378] I (8544) wifi:[+8.379] dp: 1, bi: 102400, li: 10, scale listen interval from 1024000 us to 1024000 us[+8.379] 
[+8.379] I (8544) wifi:[+8.379] set rx beacon pti, rx_bcn_pti: 14, bcn_timeout: 25000, mt_pti: 14, mt_time: 10000[+8.379] 
[+8.393] I (8564) wifi:[+8.393] AP's beacon interval = 102400 us, DTIM period = 1[+8.395] 
[+8.519] I (8694) Application: PlayUiSound (zu bytes)
[+9.410] I (9584) esp_netif_handlers: sta ip: 192.168.0.152, mask: 255.255.255.0, gw: 192.168.0.1
[+9.411] I (9584) WifiStation: Got IP: 192.168.0.152
[+9.411] I (9584) BleServer: ===== BLE Initialization Start (async task) =====
[+9.411] I (9584) BleServer:   OK: BLE start task created, initialization will run asynchronously
[+9.411] I (9584) WifiBoard: Connected to WiFi: Zikkoy
[+9.412] I (9584) BLE_INIT: Feature Config, ADV:1, BLE_50:1, DTM:1, SCAN:1, CCA:0, SMP:1, CONNECT:1
[+9.413] E (9584) BLE_INIT: Malloc failed
[+9.414] E (9584) BLE_INIT: Malloc failed
[+9.414] E (9584) BLE_INIT: Malloc failed
[+9.414] E (9584) BLE_INIT: esp_bt_controller_init -4

[+9.414] E (9584) BleServer:   FAILED: esp_bt_controller_init: ESP_ERR_NO_MEM
[+9.419] I (9584) AttitudeDisplay: DebugInfoCard shown: title=通知 hidden=0 card_hidden=0
[+9.420] I (9594) AttitudeDisplay: DebugInfo: 通知 | 已连接 Zikkoy (hold=10000ms builtin_font=1)
[+9.859] I (10034) Application: PlayUiSound (zu bytes)
[+11.841] I (12014) AttitudeDisplay: WiFi fisheye status -> 1
[+11.842] I (12014) Application: Network connected
[+11.842] I (12014) StateMachine: State: starting -> activating
[+11.842] I (12014) Application: Waking up pre-created activation task
[+11.842] I (12014) Application: Activation task started
[+11.842] I (12014) Application: ActivationTask: Creating OTA object...
[+11.842] I (12014) Application: ActivationTask: OTA object created
[+11.843] I (12014) Application: ActivationTask: Checking assets version...
[+11.844] I (12014) Assets: The storage free size is 19648 KB
[+11.844] I (12014) Assets: The partition size is 3968 KB
==== xiaozhi boot log, uptime=3.942s, sdk=v5.5.4 ====
[+3.943] I (4114) SdCardLog: SD card log redirect started, file=/sdcard/xiaozhi_boot_3.log
[+3.944] I (4114) SdCardLog:   log history: /sdcard/xiaozhi_boot_3.log
[+3.960] I (4134) waveshare_lcd_1_85: 启动日志已重定向到 TF 卡: /sdcard/xiaozhi_boot_3.log
[+4.662] I (4834) WifiStation: Found AP: Zikkoy, BSSID: 5c:7d:ae:fb:6c:60, RSSI: -18, Channel: 11, Authmode: 7
[+4.664] I (4834) WifiBoard: WiFi connecting to Zikkoy
[+4.765] W (4934) wifi:[+4.765] Password length matches WPA2 standards, authmode threshold changes from OPEN to WPA2[+4.765] 
[+5.981] I (6154) wifi:[+5.981] new:<11,2>, old:<1,0>, ap:<255,255>, sta:<11,2>, prof:1, snd_ch_cfg:0x0[+5.981] 
[+5.981] I (6154) wifi:[+5.982] state: init -> auth (0xb0)[+5.982] 
[+6.562] I (6734) wifi:[+6.563] state: auth -> assoc (0x0)[+6.563] 
[+6.570] I (6744) wifi:[+6.571] Association refused temporarily time 1000, comeback time 1100 (TUs)[+6.571] 
[+7.253] I (7424) WifiBoard: BLE delayed start timer fired, starting BLE now...
[+7.253] I (7424) BleServer: ===== BLE Initialization Start (async task) =====
[+7.253] I (7424) BleServer:   OK: BLE start task created, initialization will run asynchronously
[+7.254] I (7424) BLE_INIT: Feature Config, ADV:1, BLE_50:1, DTM:1, SCAN:1, CCA:0, SMP:1, CONNECT:1
[+7.254] E (7424) BLE_INIT: Malloc failed
[+7.254] E (7424) BLE_INIT: esp_bt_controller_init -4

[+7.256] E (7424) BleServer:   FAILED: esp_bt_controller_init: ESP_ERR_NO_MEM
[+7.697] I (7864) wifi:[+7.698] state: assoc -> auth (0xb0)[+7.698] 
[+7.991] I (8164) SdCardLogHttp: ===== HTTP Server Start =====
[+7.991] I (8164) SdCardLogHttp: [1/5] Configuring mount point: /sdcard
[+7.991] I (8164) SdCardLogHttp:   OK: Mount point set
[+7.991] I (8164) SdCardLogHttp: [2/5] Configuring HTTP server (port=8080)...
[+7.991] I (8164) SdCardLogHttp:   OK: Config ready (max_uri_handlers=30, stack_size=20480, timeout=10s)
[+7.993] I (8164) SdCardLogHttp: [3/5] Initializing display request queue...
[+7.993] I (8164) SdCardLogHttp: Display request queue + timer initialized (queue=4 slots, timer=50ms)
[+7.993] I (8164) SdCardLogHttp:   OK: Display request queue ready
[+7.993] I (8164) SdCardLogHttp: [4/5] Starting HTTP server...
[+7.994] I (8164) SdCardLogHttp:   OK: Server started on port 8080
[+7.995] I (8164) SdCardLogHttp: [5/5] Registering URI handlers...
[+7.995] I (8164) SdCardLogHttp:   [GET] /  -> Web UI
[+7.997] I (8164) SdCardLogHttp:   OK: 29 URI handlers registered
[+7.997] I (8164) SdCardLogHttp: ===== HTTP Server Ready =====
[+7.997] I (8164) SdCardLogHttp:   Port: 8080
[+7.997] I (8164) SdCardLogHttp:   Mount: /sdcard
[+7.998] I (8164) SdCardLogHttp:   Handlers: 29
[+7.998] I (8164) Application: HTTP server start called
[+7.998] I (8164) Application: PlayUiSound (zu bytes)
[+7.998] I (8164) I2S_IF: Paired data: 0x3fcf22ac, current mode: playback, paired in_enable: 0, paired out_enable: 0
[+8.000] I (8174) I2S_IF: STD: TX, data_bit: 16, slot_bit: 16, ws_width: 16, slot_mode: MONO, slot_mask: 0x1
[+8.000] I (8174) I2S_IF: STD: TX, sample_rate_hz: 24000, mclk_multiple: 256, clk_src: 6
[+8.017] I (8184) Adev_Codec: Open codec device OK
[+8.275] I (8444) AudioCodec: Set output enable to true
[+8.276] I (8444) wifi:[+8.276] state: auth -> assoc (0x0)[+8.276] 
[+8.281] I (8454) AudioService: Resampling audio from 16000 to 24000
[+8.285] I (8454) wifi:[+8.285] state: assoc -> run (0x10)[+8.287] 
[+8.311] I (8484) wifi:[+8.312] connected with Zikkoy, aid = 1, channel 11, 40D, bssid = 5c:7d:ae:fb:6c:60[+8.312] 
[+8.312] I (8484) wifi:[+8.312] security: WPA3-SAE H2E, phy: bgn, rssi: -17, cipher(pairwise:0x3, group:0x3), pmf:1[+8.312] 
[+8.313] I (8484) wifi:[+8.313] pm start, type: 1
[+8.313] 
[+8.313] I (8484) wifi:[+8.313] dp: 1, bi: 102400, li: 10, scale listen interval from 1024000 us to 1024000 us[+8.313] 
[+8.313] I (8484) wifi:[+8.313] set rx beacon pti, rx_bcn_pti: 14, bcn_timeout: 25000, mt_pti: 14, mt_time: 10000[+8.315] 
[+8.371] I (8544) wifi:[+8.372] AP's beacon interval = 102400 us, DTIM period = 1[+8.372] 
[+8.710] I (8884) Application: PlayUiSound (zu bytes)
[+9.840] I (10014) esp_netif_handlers: sta ip: 192.168.0.152, mask: 255.255.255.0, gw: 192.168.0.1
[+9.840] I (10014) WifiStation: Got IP: 192.168.0.152
[+9.840] I (10014) BleServer: ===== BLE Initialization Start (async task) =====
[+9.841] I (10014) BleServer:   OK: BLE start task created, initialization will run asynchronously
[+9.842] I (10014) WifiBoard: Connected to WiFi: Zikkoy
[+9.917] I (10084) AttitudeDisplay: DebugInfoCard shown: title=通知 hidden=0 card_hidden=0
[+9.918] I (10084) AttitudeDisplay: DebugInfo: 通知 | 已连接 Zikkoy (hold=10000ms builtin_font=1)
[+10.051] I (10224) Application: PlayUiSound (zu bytes)
[+10.319] I (10484) wifi:[+10.319] [ADDBA]RX DELBA, reason:39, delete tid:0, initiator:1(originator)[+10.319] 
[+10.320] I (10494) wifi:[+10.320] <ba-add>idx:0 (ifx:0, 5c:7d:ae:fb:6c:60), tid:0, ssn:2, winSize:64[+10.325] 
==== xiaozhi boot log, uptime=3.942s, sdk=v5.5.4 ====
[+3.943] I (4114) SdCardLog: SD card log redirect started, file=/sdcard/xiaozhi_boot_3.log
[+3.944] I (4114) SdCardLog:   log history: /sdcard/xiaozhi_boot_3.log
[+3.960] I (4134) waveshare_lcd_1_85: 启动日志已重定向到 TF 卡: /sdcard/xiaozhi_boot_3.log
[+4.661] I (4834) WifiStation: Found AP: Zikkoy, BSSID: 5c:7d:ae:fb:6c:60, RSSI: -17, Channel: 11, Authmode: 7
[+4.662] I (4834) WifiBoard: WiFi connecting to Zikkoy
[+4.765] W (4934) wifi:[+4.765] Password length matches WPA2 standards, authmode threshold changes from OPEN to WPA2[+4.765] 
[+5.981] I (6154) wifi:[+5.982] new:<11,2>, old:<1,0>, ap:<255,255>, sta:<11,2>, prof:1, snd_ch_cfg:0x0[+5.982] 
[+5.982] I (6154) wifi:[+5.982] state: init -> auth (0xb0)[+5.982] 
[+6.576] I (6744) wifi:[+6.577] state: auth -> assoc (0x0)[+6.577] 
[+6.582] I (6754) wifi:[+6.582] Association refused temporarily time 1000, comeback time 1100 (TUs)[+6.582] 
[+7.255] I (7424) WifiBoard: BLE delayed start timer fired, starting BLE now...
[+7.257] I (7424) BleServer: ===== BLE Initialization Start (async task) =====
[+7.257] I (7424) BleServer:   OK: BLE start task created, initialization will run asynchronously
[+7.258] I (7424) BLE_INIT: Feature Config, ADV:1, BLE_50:1, DTM:1, SCAN:1, CCA:0, SMP:1, CONNECT:1
[+7.258] E (7424) BLE_INIT: Malloc failed
[+7.258] E (7424) BLE_INIT: esp_bt_controller_init -4

[+7.258] E (7424) BleServer:   FAILED: esp_bt_controller_init: ESP_ERR_NO_MEM
[+7.709] I (7884) wifi:[+7.709] state: assoc -> auth (0xb0)[+7.710] 
[+8.022] I (8194) SdCardLogHttp:   OK: Config ready (max_uri_handlers=30, stack_size=20480, timeout=10s)
[+8.022] I (8194) SdCardLogHttp: [3/5] Initializing display request queue...
[+8.022] I (8194) SdCardLogHttp: Display request queue + timer initialized (queue=4 slots, timer=50ms)
[+8.023] I (8194) SdCardLogHttp:   OK: Display request queue ready
[+8.023] I (8194) SdCardLogHttp: [4/5] Starting HTTP server...
[+8.024] I (8194) SdCardLogHttp:   OK: Server started on port 8080
[+8.025] I (8194) SdCardLogHttp: [5/5] Registering URI handlers...
[+8.026] I (8194) SdCardLogHttp:   [GET] /  -> Web UI
[+8.027] I (8194) SdCardLogHttp:   OK: 29 URI handlers registered
[+8.027] I (8194) SdCardLogHttp: ===== HTTP Server Ready =====
[+8.027] I (8194) SdCardLogHttp:   Port: 8080
[+8.027] I (8194) SdCardLogHttp:   Mount: /sdcard
[+8.027] I (8194) SdCardLogHttp:   Handlers: 29
[+8.027] I (8194) Application: HTTP server start called
[+8.027] I (8194) Application: PlayUiSound (zu bytes)
[+8.029] I (8194) I2S_IF: Paired data: 0x3fcf22ac, current mode: playback, paired in_enable: 0, paired out_enable: 0
[+8.029] I (8204) I2S_IF: STD: TX, data_bit: 16, slot_bit: 16, ws_width: 16, slot_mode: MONO, slot_mask: 0x1
[+8.030] I (8204) I2S_IF: STD: TX, sample_rate_hz: 24000, mclk_multiple: 256, clk_src: 6
[+8.046] I (8214) Adev_Codec: Open codec device OK
[+8.046] I (8214) AudioCodec: Set output enable to true
[+8.050] I (8224) AudioService: Resampling audio from 16000 to 24000
[+8.310] I (8484) wifi:[+8.310] state: auth -> assoc (0x0)[+8.310] 
[+8.320] I (8494) wifi:[+8.320] state: assoc -> run (0x10)[+8.320] 
[+8.344] I (8514) wifi:[+8.344] connected with Zikkoy, aid = 1, channel 11, 40D, bssid = 5c:7d:ae:fb:6c:60[+8.344] 
[+8.344] I (8514) wifi:[+8.344] security: WPA3-SAE H2E, phy: bgn, rssi: -19, cipher(pairwise:0x3, group:0x3), pmf:1[+8.344] 
[+8.345] I (8514) wifi:[+8.345] pm start, type: 1
[+8.345] 
[+8.345] I (8514) wifi:[+8.345] dp: 1, bi: 102400, li: 10, scale listen interval from 1024000 us to 1024000 us[+8.347] 
[+8.347] I (8514) wifi:[+8.347] set rx beacon pti, rx_bcn_pti: 14, bcn_timeout: 25000, mt_pti: 14, mt_time: 10000[+8.347] 
[+8.398] I (8564) wifi:[+8.399] AP's beacon interval = 102400 us, DTIM period = 1[+8.399] 
[+8.510] I (8684) Application: PlayUiSound (zu bytes)
[+8.809] I (8974) wifi:[+8.809] [ADDBA]RX DELBA, reason:39, delete tid:0, initiator:1(originator)[+8.810] 
[+8.811] I (8984) wifi:[+8.811] <ba-add>idx:0 (ifx:0, 5c:7d:ae:fb:6c:60), tid:0, ssn:2, winSize:64[+8.813] 
[+9.850] I (10024) Application: PlayUiSound (zu bytes)
[+9.859] I (10034) esp_netif_handlers: sta ip: 192.168.0.152, mask: 255.255.255.0, gw: 192.168.0.1
[+9.860] I (10034) WifiStation: Got IP: 192.168.0.152
[+9.860] I (10034) BleServer: ===== BLE Initialization Start (async task) =====
[+9.860] I (10034) BleServer:   OK: BLE start task created, initialization will run asynchronously
[+9.860] I (10034) WifiBoard: Connected to WiFi: Zikkoy
[+9.861] I (10034) BLE_INIT: Feature Config, ADV:1, BLE_50:1, DTM:1, SCAN:1, CCA:0, SMP:1, CONNECT:1
[+9.862] E (10034) BLE_INIT: Malloc failed
[+9.863] E (10034) BLE_INIT: Malloc failed
[+9.863] E (10034) BLE_INIT: esp_bt_controller_init -4

[+9.863] E (10034) BleServer:   FAILED: esp_bt_controller_init: ESP_ERR_NO_MEM
[+9.863] I (10034) AttitudeDisplay: DebugInfoCard shown: title=通知 hidden=0 card_hidden=0
[+9.864] I (10034) AttitudeDisplay: DebugInfo: 通知 | 已连接 Zikkoy (hold=10000ms builtin_font=1)
[+11.831] I (12004) AttitudeDisplay: WiFi fisheye status -> 1
[+11.833] I (12004) Application: Network connected
[+11.833] I (12004) StateMachine: State: starting -> activating
[+11.834] I (12004) Application: Waking up pre-created activation task
[+11.834] I (12004) Application: Activation task started
[+11.834] I (12004) Application: ActivationTask: Creating OTA object...
[+11.834] I (12004) Application: ActivationTask: OTA object created
[+11.834] I (12004) Application: ActivationTask: Checking assets version...
[+11.834] I (12004) Assets: The storage free size is 19648 KB
[+11.836] I (12004) Assets: The partition size is 3968 KB
==== xiaozhi boot log, uptime=3.942s, sdk=v5.5.4 ====
[+3.943] I (4114) SdCardLog: SD card log redirect started, file=/sdcard/xiaozhi_boot_3.log
[+3.944] I (4114) SdCardLog:   log history: /sdcard/xiaozhi_boot_3.log
[+3.960] I (4134) waveshare_lcd_1_85: 启动日志已重定向到 TF 卡: /sdcard/xiaozhi_boot_3.log
[+4.662] I (4834) WifiStation: Found AP: Zikkoy, BSSID: 5c:7d:ae:fb:6c:60, RSSI: -18, Channel: 11, Authmode: 7
[+4.664] I (4834) WifiBoard: WiFi connecting to Zikkoy
[+4.765] W (4934) wifi:[+4.765] Password length matches WPA2 standards, authmode threshold changes from OPEN to WPA2[+4.765] 
[+6.033] I (6204) wifi:[+6.033] new:<11,2>, old:<1,0>, ap:<255,255>, sta:<11,2>, prof:1, snd_ch_cfg:0x0[+6.033] 
[+6.034] I (6204) wifi:[+6.034] state: init -> auth (0xb0)[+6.034] 
[+6.610] I (6784) wifi:[+6.610] state: auth -> assoc (0x0)[+6.610] 
[+6.615] I (6784) wifi:[+6.616] Association refused temporarily time 1000, comeback time 1100 (TUs)[+6.618] 
[+7.256] I (7424) WifiBoard: BLE delayed start timer fired, starting BLE now...
[+7.256] I (7424) BleServer: ===== BLE Initialization Start (async task) =====
[+7.256] I (7424) BleServer:   OK: BLE start task created, initialization will run asynchronously
[+7.256] I (7424) BLE_INIT: Feature Config, ADV:1, BLE_50:1, DTM:1, SCAN:1, CCA:0, SMP:1, CONNECT:1
[+7.257] E (7424) BLE_INIT: Malloc failed
[+7.257] E (7424) BLE_INIT: esp_bt_controller_init -4

[+7.257] E (7424) BleServer:   FAILED: esp_bt_controller_init: ESP_ERR_NO_MEM
[+7.745] I (7914) wifi:[+7.745] state: assoc -> auth (0xb0)[+7.745] 
[+8.055] I (8224) SdCardLogHttp:   OK: Config ready (max_uri_handlers=30, stack_size=20480, timeout=10s)
[+8.056] I (8224) SdCardLogHttp: [3/5] Initializing display request queue...
[+8.056] I (8224) SdCardLogHttp: Display request queue + timer initialized (queue=4 slots, timer=50ms)
[+8.056] I (8224) SdCardLogHttp:   OK: Display request queue ready
[+8.056] I (8224) SdCardLogHttp: [4/5] Starting HTTP server...
[+8.059] I (8224) SdCardLogHttp:   OK: Server started on port 8080
[+8.059] I (8224) SdCardLogHttp: [5/5] Registering URI handlers...
[+8.059] I (8224) SdCardLogHttp:   [GET] /  -> Web UI
[+8.060] I (8234) SdCardLogHttp:   OK: 29 URI handlers registered
[+8.060] I (8234) SdCardLogHttp: ===== HTTP Server Ready =====
[+8.060] I (8234) SdCardLogHttp:   Port: 8080
[+8.060] I (8234) SdCardLogHttp:   Mount: /sdcard
[+8.060] I (8234) SdCardLogHttp:   Handlers: 29
[+8.060] I (8234) Application: HTTP server start called
[+8.062] I (8234) Application: PlayUiSound (zu bytes)
[+8.062] I (8234) I2S_IF: Paired data: 0x3fcf22ac, current mode: playback, paired in_enable: 0, paired out_enable: 0
[+8.063] I (8234) I2S_IF: STD: TX, data_bit: 16, slot_bit: 16, ws_width: 16, slot_mode: MONO, slot_mask: 0x1
[+8.063] I (8234) I2S_IF: STD: TX, sample_rate_hz: 24000, mclk_multiple: 256, clk_src: 6
[+8.079] I (8244) Adev_Codec: Open codec device OK
[+8.080] I (8254) AudioCodec: Set output enable to true
[+8.085] I (8254) AudioService: Resampling audio from 16000 to 24000
[+8.392] I (8564) wifi:[+8.392] state: auth -> assoc (0x0)[+8.392] 
[+8.404] I (8574) wifi:[+8.404] state: assoc -> run (0x10)[+8.405] 
[+8.425] I (8594) wifi:[+8.426] connected with Zikkoy, aid = 1, channel 11, 40D, bssid = 5c:7d:ae:fb:6c:60[+8.426] 
[+8.426] I (8594) wifi:[+8.426] security: WPA3-SAE H2E, phy: bgn, rssi: -18, cipher(pairwise:0x3, group:0x3), pmf:1[+8.426] 
[+8.426] I (8594) wifi:[+8.427] pm start, type: 1
[+8.427] 
[+8.428] I (8594) wifi:[+8.428] dp: 1, bi: 102400, li: 10, scale listen interval from 1024000 us to 1024000 us[+8.428] 
[+8.428] I (8594) wifi:[+8.429] set rx beacon pti, rx_bcn_pti: 14, bcn_timeout: 25000, mt_pti: 14, mt_time: 10000[+8.429] 
[+8.488] I (8654) wifi:[+8.488] AP's beacon interval = 102400 us, DTIM period = 1[+8.489] 
[+8.543] I (8714) Application: PlayUiSound (zu bytes)
[+9.154] I (9324) wifi:[+9.155] [ADDBA]RX DELBA, reason:39, delete tid:0, initiator:1(originator)[+9.155] 
[+9.156] I (9324) wifi:[+9.158] <ba-add>idx:0 (ifx:0, 5c:7d:ae:fb:6c:60), tid:0, ssn:2, winSize:64[+9.158] 
[+9.883] I (10054) Application: PlayUiSound (zu bytes)
[+9.959] I (10134) esp_netif_handlers: sta ip: 192.168.0.152, mask: 255.255.255.0, gw: 192.168.0.1
[+9.960] I (10134) WifiStation: Got IP: 192.168.0.152
[+9.960] I (10134) BleServer: ===== BLE Initialization Start (async task) =====
[+9.960] I (10134) BleServer:   OK: BLE start task created, initialization will run asynchronously
[+9.960] I (10134) WifiBoard: Connected to WiFi: Zikkoy
[+10.025] I (10194) AttitudeDisplay: DebugInfoCard shown: title=通知 hidden=0 card_hidden=0
[+10.025] I (10194) AttitudeDisplay: DebugInfo: 通知 | 已连接 Zikkoy (hold=10000ms builtin_font=1)
==== xiaozhi boot log, uptime=3.942s, sdk=v5.5.4 ====
[+3.943] I (4114) SdCardLog: SD card log redirect started, file=/sdcard/xiaozhi_boot_3.log
[+3.944] I (4114) SdCardLog:   log history: /sdcard/xiaozhi_boot_3.log
[+3.960] I (4134) waveshare_lcd_1_85: 启动日志已重定向到 TF 卡: /sdcard/xiaozhi_boot_3.log
[+4.661] I (4834) WifiStation: Found AP: Zikkoy, BSSID: 5c:7d:ae:fb:6c:60, RSSI: -17, Channel: 11, Authmode: 7
[+4.661] I (4834) WifiBoard: WiFi connecting to Zikkoy
[+4.765] W (4934) wifi:[+4.765] Password length matches WPA2 standards, authmode threshold changes from OPEN to WPA2[+4.765] 
[+5.982] I (6154) wifi:[+5.982] new:<11,2>, old:<1,0>, ap:<255,255>, sta:<11,2>, prof:1, snd_ch_cfg:0x0[+5.982] 
[+5.982] I (6154) wifi:[+5.982] state: init -> auth (0xb0)[+5.983] 
[+6.571] I (6744) wifi:[+6.572] state: auth -> assoc (0x0)[+6.572] 
[+6.578] I (6744) wifi:[+6.578] Association refused temporarily time 1000, comeback time 1100 (TUs)[+6.578] 
[+7.252] I (7424) WifiBoard: BLE delayed start timer fired, starting BLE now...
[+7.252] I (7424) BleServer: ===== BLE Initialization Start (async task) =====
[+7.252] I (7424) BleServer:   OK: BLE start task created, initialization will run asynchronously
[+7.253] I (7424) BLE_INIT: Feature Config, ADV:1, BLE_50:1, DTM:1, SCAN:1, CCA:0, SMP:1, CONNECT:1
[+7.255] E (7424) BLE_INIT: Malloc failed
[+7.255] E (7424) BLE_INIT: esp_bt_controller_init -4

[+7.255] E (7424) BleServer:   FAILED: esp_bt_controller_init: ESP_ERR_NO_MEM
[+7.705] I (7874) wifi:[+7.705] state: assoc -> auth (0xb0)[+7.705] 
[+7.998] I (8164) SdCardLogHttp:   OK: Config ready (max_uri_handlers=30, stack_size=20480, timeout=10s)
[+7.998] I (8164) SdCardLogHttp: [3/5] Initializing display request queue...
[+7.999] I (8164) SdCardLogHttp: Display request queue + timer initialized (queue=4 slots, timer=50ms)
[+8.000] I (8174) SdCardLogHttp:   OK: Display request queue ready
[+8.000] I (8174) SdCardLogHttp: [4/5] Starting HTTP server...
[+8.001] I (8174) SdCardLogHttp:   OK: Server started on port 8080
[+8.002] I (8174) SdCardLogHttp: [5/5] Registering URI handlers...
[+8.002] I (8174) SdCardLogHttp:   [GET] /  -> Web UI
[+8.003] I (8174) SdCardLogHttp:   OK: 29 URI handlers registered
[+8.003] I (8174) SdCardLogHttp: ===== HTTP Server Ready =====
[+8.003] I (8174) SdCardLogHttp:   Port: 8080
[+8.005] I (8174) SdCardLogHttp:   Mount: /sdcard
[+8.005] I (8174) SdCardLogHttp:   Handlers: 29
[+8.005] I (8174) Application: HTTP server start called
[+8.005] I (8174) Application: PlayUiSound (zu bytes)
[+8.006] I (8174) I2S_IF: Paired data: 0x3fcf22ac, current mode: playback, paired in_enable: 0, paired out_enable: 0
[+8.006] I (8174) I2S_IF: STD: TX, data_bit: 16, slot_bit: 16, ws_width: 16, slot_mode: MONO, slot_mask: 0x1
[+8.007] I (8174) I2S_IF: STD: TX, sample_rate_hz: 24000, mclk_multiple: 256, clk_src: 6
[+8.025] I (8194) Adev_Codec: Open codec device OK
[+8.026] I (8194) AudioCodec: Set output enable to true
[+8.028] I (8194) AudioService: Resampling audio from 16000 to 24000
[+8.309] I (8484) wifi:[+8.310] state: auth -> assoc (0x0)[+8.310] 
[+8.319] I (8484) wifi:[+8.319] state: assoc -> run (0x10)[+8.320] 
[+8.346] I (8514) wifi:[+8.346] connected with Zikkoy, aid = 1, channel 11, 40D, bssid = 5c:7d:ae:fb:6c:60[+8.346] 
[+8.346] I (8514) wifi:[+8.346] security: WPA3-SAE H2E, phy: bgn, rssi: -18, cipher(pairwise:0x3, group:0x3), pmf:1[+8.348] 
[+8.348] I (8514) wifi:[+8.348] pm start, type: 1
[+8.348] 
[+8.349] I (8514) wifi:[+8.349] dp: 1, bi: 102400, li: 10, scale listen interval from 1024000 us to 1024000 us[+8.349] 
[+8.349] I (8524) wifi:[+8.349] set rx beacon pti, rx_bcn_pti: 14, bcn_timeout: 25000, mt_pti: 14, mt_time: 10000[+8.349] 
[+8.373] I (8544) wifi:[+8.374] AP's beacon interval = 102400 us, DTIM period = 1[+8.374] 
[+8.488] I (8654) Application: PlayUiSound (zu bytes)
[+9.828] I (9994) Application: PlayUiSound (zu bytes)
[+9.870] I (10044) esp_netif_handlers: sta ip: 192.168.0.152, mask: 255.255.255.0, gw: 192.168.0.1
[+9.870] I (10044) WifiStation: Got IP: 192.168.0.152
[+9.870] I (10044) BleServer: ===== BLE Initialization Start (async task) =====
[+9.870] I (10044) BleServer:   OK: BLE start task created, initialization will run asynchronously
[+9.871] I (10044) WifiBoard: Connected to WiFi: Zikkoy
[+9.871] I (10044) BLE_INIT: Feature Config, ADV:1, BLE_50:1, DTM:1, SCAN:1, CCA:0, SMP:1, CONNECT:1
[+9.873] E (10044) BLE_INIT: Malloc failed
[+9.873] E (10044) BLE_INIT: Malloc failed
[+9.873] E (10044) BLE_INIT: esp_bt_controller_init -4

[+9.873] E (10044) BleServer:   FAILED: esp_bt_controller_init: ESP_ERR_NO_MEM
[+9.903] I (10074) AttitudeDisplay: DebugInfoCard shown: title=通知 hidden=0 card_hidden=0
[+9.903] I (10074) AttitudeDisplay: DebugInfo: 通知 | 已连接 Zikkoy (hold=10000ms builtin_font=1)
[+11.872] I (12044) AttitudeDisplay: WiFi fisheye status -> 1
[+11.872] I (12044) Application: Network connected
[+11.874] I (12044) StateMachine: State: starting -> activating
[+11.874] I (12044) Application: Waking up pre-created activation task
[+11.874] I (12044) Application: Activation task started
[+11.875] I (12044) Application: ActivationTask: Creating OTA object...
[+11.875] I (12044) Application: ActivationTask: OTA object created
[+11.875] I (12044) Application: ActivationTask: Checking assets version...
[+11.875] I (12044) Assets: The storage free size is 19648 KB
[+11.877] I (12044) Assets: The partition size is 3968 KB
==== xiaozhi boot log, uptime=3.942s, sdk=v5.5.4 ====
[+3.943] I (4114) SdCardLog: SD card log redirect started, file=/sdcard/xiaozhi_boot_3.log
[+3.944] I (4114) SdCardLog:   log history: /sdcard/xiaozhi_boot_3.log
[+3.959] I (4134) waveshare_lcd_1_85: 启动日志已重定向到 TF 卡: /sdcard/xiaozhi_boot_3.log
[+4.662] I (4834) WifiStation: Found AP: Zikkoy, BSSID: 5c:7d:ae:fb:6c:60, RSSI: -17, Channel: 11, Authmode: 7
[+4.662] I (4834) WifiBoard: WiFi connecting to Zikkoy
[+4.765] W (4934) wifi:[+4.765] Password length matches WPA2 standards, authmode threshold changes from OPEN to WPA2[+4.765] 
[+5.980] I (6154) wifi:[+5.981] new:<11,2>, old:<1,0>, ap:<255,255>, sta:<11,2>, prof:1, snd_ch_cfg:0x0[+5.981] 
[+5.981] I (6154) wifi:[+5.981] state: init -> auth (0xb0)[+5.981] 
[+6.564] I (6734) wifi:[+6.565] state: auth -> assoc (0x0)[+6.565] 
[+6.570] I (6744) wifi:[+6.570] Association refused temporarily time 1000, comeback time 1100 (TUs)[+6.570] 
[+7.256] I (7424) WifiBoard: BLE delayed start timer fired, starting BLE now...
[+7.256] I (7424) BleServer: ===== BLE Initialization Start (async task) =====
[+7.256] I (7424) BleServer:   OK: BLE start task created, initialization will run asynchronously
[+7.257] I (7424) BLE_INIT: Feature Config, ADV:1, BLE_50:1, DTM:1, SCAN:1, CCA:0, SMP:1, CONNECT:1
[+7.257] E (7424) BLE_INIT: Malloc failed
[+7.257] E (7424) BLE_INIT: esp_bt_controller_init -4

[+7.257] E (7424) BleServer:   FAILED: esp_bt_controller_init: ESP_ERR_NO_MEM
[+7.698] I (7864) wifi:[+7.698] state: assoc -> auth (0xb0)[+7.699] 
[+7.994] I (8164) SdCardLogHttp:   OK: Config ready (max_uri_handlers=30, stack_size=20480, timeout=10s)
[+7.994] I (8164) SdCardLogHttp: [3/5] Initializing display request queue...
[+7.994] I (8164) SdCardLogHttp: Display request queue + timer initialized (queue=4 slots, timer=50ms)
[+7.994] I (8164) SdCardLogHttp:   OK: Display request queue ready
[+7.994] I (8164) SdCardLogHttp: [4/5] Starting HTTP server...
[+7.996] I (8164) SdCardLogHttp:   OK: Server started on port 8080
[+7.998] I (8164) SdCardLogHttp: [5/5] Registering URI handlers...
[+7.998] I (8164) SdCardLogHttp:   [GET] /  -> Web UI
[+7.999] I (8174) SdCardLogHttp:   OK: 29 URI handlers registered
[+7.999] I (8174) SdCardLogHttp: ===== HTTP Server Ready =====
[+7.999] I (8174) SdCardLogHttp:   Port: 8080
[+8.000] I (8174) SdCardLogHttp:   Mount: /sdcard
[+8.000] I (8174) SdCardLogHttp:   Handlers: 29
[+8.000] I (8174) Application: HTTP server start called
[+8.001] I (8174) Application: PlayUiSound (zu bytes)
[+8.001] I (8174) I2S_IF: Paired data: 0x3fcf22ac, current mode: playback, paired in_enable: 0, paired out_enable: 0
[+8.002] I (8174) I2S_IF: STD: TX, data_bit: 16, slot_bit: 16, ws_width: 16, slot_mode: MONO, slot_mask: 0x1
[+8.002] I (8174) I2S_IF: STD: TX, sample_rate_hz: 24000, mclk_multiple: 256, clk_src: 6
[+8.020] I (8194) Adev_Codec: Open codec device OK
[+8.020] I (8194) AudioCodec: Set output enable to true
[+8.024] I (8194) AudioService: Resampling audio from 16000 to 24000
[+8.324] I (8494) wifi:[+8.324] state: auth -> assoc (0x0)[+8.324] 
[+8.349] I (8514) wifi:[+8.349] state: assoc -> run (0x10)[+8.349] 
[+8.371] I (8544) wifi:[+8.371] connected with Zikkoy, aid = 1, channel 11, 40D, bssid = 5c:7d:ae:fb:6c:60[+8.371] 
[+8.372] I (8544) wifi:[+8.372] security: WPA3-SAE H2E, phy: bgn, rssi: -18, cipher(pairwise:0x3, group:0x3), pmf:1[+8.372] 
[+8.372] I (8544) wifi:[+8.372] pm start, type: 1
[+8.372] 
[+8.373] I (8544) wifi:[+8.373] dp: 1, bi: 102400, li: 10, scale listen interval from 1024000 us to 1024000 us[+8.374] 
[+8.374] I (8544) wifi:[+8.374] set rx beacon pti, rx_bcn_pti: 14, bcn_timeout: 25000, mt_pti: 14, mt_time: 10000[+8.375] 
[+8.422] I (8594) wifi:[+8.422] AP's beacon interval = 102400 us, DTIM period = 1[+8.422] 
[+8.483] I (8654) Application: PlayUiSound (zu bytes)
[+9.823] I (9994) Application: PlayUiSound (zu bytes)
[+9.889] I (10064) esp_netif_handlers: sta ip: 192.168.0.152, mask: 255.255.255.0, gw: 192.168.0.1
[+9.890] I (10064) WifiStation: Got IP: 192.168.0.152
[+9.891] I (10064) BleServer: ===== BLE Initialization Start (async task) =====
[+9.892] I (10064) BleServer:   OK: BLE start task created, initialization will run asynchronously
[+9.892] I (10064) WifiBoard: Connected to WiFi: Zikkoy
[+9.892] I (10064) BLE_INIT: Feature Config, ADV:1, BLE_50:1, DTM:1, SCAN:1, CCA:0, SMP:1, CONNECT:1
[+9.892] E (10064) BLE_INIT: Malloc failed
[+9.892] E (10064) BLE_INIT: Malloc failed
[+9.893] E (10064) BLE_INIT: Malloc failed
[+9.893] E (10064) BLE_INIT: esp_bt_controller_init -4

[+9.894] E (10064) BleServer:   FAILED: esp_bt_controller_init: ESP_ERR_NO_MEM
[+9.955] I (10124) AttitudeDisplay: DebugInfoCard shown: title=通知 hidden=0 card_hidden=0
[+9.955] I (10124) AttitudeDisplay: DebugInfo: 通知 | 已连接 Zikkoy (hold=10000ms builtin_font=1)
[+11.903] I (12074) AttitudeDisplay: WiFi fisheye status -> 1
[+11.903] I (12074) Application: Network connected
[+11.903] I (12074) StateMachine: State: starting -> activating
[+11.904] I (12074) Application: Waking up pre-created activation task
[+11.905] I (12074) Application: Activation task started
[+11.905] I (12074) Application: ActivationTask: Creating OTA object...
[+11.906] I (12074) Application: ActivationTask: OTA object created
[+11.906] I (12074) Application: ActivationTask: Checking assets version...
[+11.906] I (12074) Assets: The storage free size is 19648 KB
[+11.906] I (12074) Assets: The partition size is 3968 KB
==== xiaozhi boot log, uptime=3.942s, sdk=v5.5.4 ====
[+3.943] I (4114) SdCardLog: SD card log redirect started, file=/sdcard/xiaozhi_boot_3.log
[+3.946] I (4114) SdCardLog:   log history: /sdcard/xiaozhi_boot_3.log
[+3.961] I (4134) waveshare_lcd_1_85: 启动日志已重定向到 TF 卡: /sdcard/xiaozhi_boot_3.log
[+4.661] I (4834) WifiStation: Found AP: Zikkoy, BSSID: 5c:7d:ae:fb:6c:60, RSSI: -17, Channel: 11, Authmode: 7
[+4.662] I (4834) WifiBoard: WiFi connecting to Zikkoy
[+4.765] W (4934) wifi:[+4.765] Password length matches WPA2 standards, authmode threshold changes from OPEN to WPA2[+4.767] 
[+5.982] I (6154) wifi:[+5.983] new:<11,2>, old:<1,0>, ap:<255,255>, sta:<11,2>, prof:1, snd_ch_cfg:0x0[+5.983] 
[+5.983] I (6154) wifi:[+5.983] state: init -> auth (0xb0)[+5.983] 
[+6.572] I (6744) wifi:[+6.572] state: auth -> assoc (0x0)[+6.572] 
[+6.577] I (6744) wifi:[+6.578] Association refused temporarily time 1000, comeback time 1100 (TUs)[+6.578] 
[+7.255] I (7424) WifiBoard: BLE delayed start timer fired, starting BLE now...
[+7.256] I (7424) BleServer: ===== BLE Initialization Start (async task) =====
[+7.257] I (7424) BleServer:   OK: BLE start task created, initialization will run asynchronously
[+7.258] I (7424) BLE_INIT: Feature Config, ADV:1, BLE_50:1, DTM:1, SCAN:1, CCA:0, SMP:1, CONNECT:1
[+7.258] E (7424) BLE_INIT: Malloc failed
[+7.258] E (7424) BLE_INIT: esp_bt_controller_init -4

[+7.258] E (7424) BleServer:   FAILED: esp_bt_controller_init: ESP_ERR_NO_MEM
[+7.704] I (7874) wifi:[+7.705] state: assoc -> auth (0xb0)[+7.705] 
[+7.998] I (8164) SdCardLogHttp:   OK: Config ready (max_uri_handlers=30, stack_size=20480, timeout=10s)
[+7.999] I (8174) SdCardLogHttp: [3/5] Initializing display request queue...
[+7.999] I (8174) SdCardLogHttp: Display request queue + timer initialized (queue=4 slots, timer=50ms)
[+8.000] I (8174) SdCardLogHttp:   OK: Display request queue ready
[+8.000] I (8174) SdCardLogHttp: [4/5] Starting HTTP server...
[+8.001] I (8174) SdCardLogHttp:   OK: Server started on port 8080
[+8.001] I (8174) SdCardLogHttp: [5/5] Registering URI handlers...
[+8.005] I (8174) SdCardLogHttp:   [GET] /  -> Web UI
[+8.007] I (8174) SdCardLogHttp:   OK: 29 URI handlers registered
[+8.007] I (8174) SdCardLogHttp: ===== HTTP Server Ready =====
[+8.007] I (8174) SdCardLogHttp:   Port: 8080
[+8.007] I (8174) SdCardLogHttp:   Mount: /sdcard
[+8.007] I (8174) SdCardLogHttp:   Handlers: 29
[+8.007] I (8174) Application: HTTP server start called
[+8.008] I (8174) Application: PlayUiSound (zu bytes)
[+8.008] I (8174) I2S_IF: Paired data: 0x3fcf22ac, current mode: playback, paired in_enable: 0, paired out_enable: 0
[+8.010] I (8184) I2S_IF: STD: TX, data_bit: 16, slot_bit: 16, ws_width: 16, slot_mode: MONO, slot_mask: 0x1
[+8.010] I (8184) I2S_IF: STD: TX, sample_rate_hz: 24000, mclk_multiple: 256, clk_src: 6
[+8.281] I (8454) wifi:[+8.281] state: auth -> assoc (0x0)[+8.281] 
[+8.284] I (8454) Adev_Codec: Open codec device OK
[+8.285] I (8454) AudioCodec: Set output enable to true
[+8.288] I (8454) AudioService: Resampling audio from 16000 to 24000
[+8.298] I (8464) wifi:[+8.300] state: assoc -> run (0x10)[+8.300] 
[+8.325] I (8494) wifi:[+8.326] connected with Zikkoy, aid = 1, channel 11, 40D, bssid = 5c:7d:ae:fb:6c:60[+8.326] 
[+8.326] I (8494) wifi:[+8.326] security: WPA3-SAE H2E, phy: bgn, rssi: -17, cipher(pairwise:0x3, group:0x3), pmf:1[+8.326] 
[+8.326] I (8494) wifi:[+8.327] pm start, type: 1
[+8.327] 
[+8.327] I (8494) wifi:[+8.327] dp: 1, bi: 102400, li: 10, scale listen interval from 1024000 us to 1024000 us[+8.327] 
[+8.327] I (8494) wifi:[+8.327] set rx beacon pti, rx_bcn_pti: 14, bcn_timeout: 25000, mt_pti: 14, mt_time: 10000[+8.329] 
[+8.340] I (8514) wifi:[+8.340] AP's beacon interval = 102400 us, DTIM period = 1[+8.340] 
[+8.711] I (8884) Application: PlayUiSound (zu bytes)
[+9.859] I (10034) esp_netif_handlers: sta ip: 192.168.0.152, mask: 255.255.255.0, gw: 192.168.0.1
[+9.860] I (10034) WifiStation: Got IP: 192.168.0.152
[+9.860] I (10034) BleServer: ===== BLE Initialization Start (async task) =====
[+9.860] I (10034) BleServer:   OK: BLE start task created, initialization will run asynchronously
[+9.862] I (10034) WifiBoard: Connected to WiFi: Zikkoy
[+9.914] I (10084) AttitudeDisplay: DebugInfoCard shown: title=通知 hidden=0 card_hidden=0
[+9.914] I (10084) AttitudeDisplay: DebugInfo: 通知 | 已连接 Zikkoy (hold=10000ms builtin_font=1)
[+10.051] I (10224) Application: PlayUiSound (zu bytes)
==== xiaozhi boot log, uptime=3.942s, sdk=v5.5.4 ====
[+3.943] I (4114) SdCardLog: SD card log redirect started, file=/sdcard/xiaozhi_boot_3.log
[+3.944] I (4114) SdCardLog:   log history: /sdcard/xiaozhi_boot_3.log
[+3.961] I (4134) waveshare_lcd_1_85: 启动日志已重定向到 TF 卡: /sdcard/xiaozhi_boot_3.log
[+4.660] I (4834) WifiStation: Found AP: Zikkoy, BSSID: 5c:7d:ae:fb:6c:60, RSSI: -18, Channel: 11, Authmode: 7
[+4.661] I (4834) WifiBoard: WiFi connecting to Zikkoy
[+4.765] W (4934) wifi:[+4.765] Password length matches WPA2 standards, authmode threshold changes from OPEN to WPA2[+4.765] 
[+5.980] I (6154) wifi:[+5.981] new:<11,2>, old:<1,0>, ap:<255,255>, sta:<11,2>, prof:1, snd_ch_cfg:0x0[+5.982] 
[+5.983] I (6154) wifi:[+5.983] state: init -> auth (0xb0)[+5.983] 
[+6.579] I (6754) wifi:[+6.580] state: auth -> assoc (0x0)[+6.580] 
[+6.585] I (6754) wifi:[+6.585] Association refused temporarily time 1000, comeback time 1100 (TUs)[+6.585] 
[+7.251] I (7424) WifiBoard: BLE delayed start timer fired, starting BLE now...
[+7.252] I (7424) BleServer: ===== BLE Initialization Start (async task) =====
[+7.252] I (7424) BleServer:   OK: BLE start task created, initialization will run asynchronously
[+7.712] I (7884) wifi:[+7.712] state: assoc -> auth (0xb0)[+7.713] 
[+8.026] I (8194) SdCardLogHttp:   OK: Config ready (max_uri_handlers=30, stack_size=20480, timeout=10s)
[+8.027] I (8194) SdCardLogHttp: [3/5] Initializing display request queue...
[+8.027] I (8194) SdCardLogHttp: Display request queue + timer initialized (queue=4 slots, timer=50ms)
[+8.027] I (8194) SdCardLogHttp:   OK: Display request queue ready
[+8.027] I (8194) SdCardLogHttp: [4/5] Starting HTTP server...
[+8.030] I (8204) SdCardLogHttp:   OK: Server started on port 8080
[+8.030] I (8204) SdCardLogHttp: [5/5] Registering URI handlers...
[+8.030] I (8204) SdCardLogHttp:   [GET] /  -> Web UI
[+8.031] I (8204) SdCardLogHttp:   OK: 29 URI handlers registered
[+8.031] I (8204) SdCardLogHttp: ===== HTTP Server Ready =====
[+8.031] I (8204) SdCardLogHttp:   Port: 8080
[+8.031] I (8204) SdCardLogHttp:   Mount: /sdcard
[+8.031] I (8204) SdCardLogHttp:   Handlers: 29
[+8.032] I (8204) Application: HTTP server start called
[+8.033] I (8204) Application: PlayUiSound (zu bytes)
[+8.033] I (8204) I2S_IF: Paired data: 0x3fcf22ac, current mode: playback, paired in_enable: 0, paired out_enable: 0
[+8.034] I (8204) I2S_IF: STD: TX, data_bit: 16, slot_bit: 16, ws_width: 16, slot_mode: MONO, slot_mask: 0x1
[+8.034] I (8204) I2S_IF: STD: TX, sample_rate_hz: 24000, mclk_multiple: 256, clk_src: 6
[+8.050] I (8224) Adev_Codec: Open codec device OK
[+8.051] I (8224) AudioCodec: Set output enable to true
[+8.303] I (8474) wifi:[+8.305] state: auth -> assoc (0x0)[+8.305] 
[+8.323] I (8494) wifi:[+8.324] state: assoc -> run (0x10)[+8.324] 
[+8.352] I (8524) wifi:[+8.353] connected with Zikkoy, aid = 1, channel 11, 40D, bssid = 5c:7d:ae:fb:6c:60[+8.353] 
[+8.353] I (8524) wifi:[+8.353] security: WPA3-SAE H2E, phy: bgn, rssi: -17, cipher(pairwise:0x3, group:0x3), pmf:1[+8.353] 
[+8.353] I (8524) wifi:[+8.354] pm start, type: 1
[+8.354] 
[+8.354] I (8524) wifi:[+8.354] dp: 1, bi: 102400, li: 10, scale listen interval from 1024000 us to 1024000 us[+8.358] 
[+8.358] I (8524) wifi:[+8.358] set rx beacon pti, rx_bcn_pti: 14, bcn_timeout: 25000, mt_pti: 14, mt_time: 10000[+8.359] 
[+8.372] I (8544) wifi:[+8.372] AP's beacon interval = 102400 us, DTIM period = 1[+8.372] 
[+8.734] I (8904) Application: PlayUiSound (zu bytes)
[+9.379] I (9554) esp_netif_handlers: sta ip: 192.168.0.152, mask: 255.255.255.0, gw: 192.168.0.1
[+9.380] I (9554) WifiStation: Got IP: 192.168.0.152
[+9.380] I (9554) BleServer: ===== BLE Initialization Start (async task) =====
[+9.382] I (9554) BleServer:   OK: BLE start task created, initialization will run asynchronously
[+9.382] I (9554) WifiBoard: Connected to WiFi: Zikkoy
[+9.382] I (9554) BLE_INIT: Feature Config, ADV:1, BLE_50:1, DTM:1, SCAN:1, CCA:0, SMP:1, CONNECT:1
[+9.382] E (9554) BLE_INIT: Malloc failed
[+9.383] E (9554) BLE_INIT: Malloc failed
[+9.383] E (9554) BLE_INIT: esp_bt_controller_init -4

[+9.383] E (9554) BleServer:   FAILED: esp_bt_controller_init: ESP_ERR_NO_MEM
[+9.429] I (9594) AttitudeDisplay: DebugInfoCard shown: title=通知 hidden=0 card_hidden=0
[+9.431] I (9604) AttitudeDisplay: DebugInfo: 通知 | 已连接 Zikkoy (hold=10000ms builtin_font=1)
[+10.075] I (10244) Application: PlayUiSound (zu bytes)
==== xiaozhi boot log, uptime=3.943s, sdk=v5.5.4 ====
[+3.944] I (4114) SdCardLog: SD card log redirect started, file=/sdcard/xiaozhi_boot_3.log
[+3.945] I (4114) SdCardLog:   log history: /sdcard/xiaozhi_boot_3.log
[+3.960] I (4134) waveshare_lcd_1_85: 启动日志已重定向到 TF 卡: /sdcard/xiaozhi_boot_3.log
[+4.663] I (4834) WifiStation: Found AP: Zikkoy, BSSID: 5c:7d:ae:fb:6c:60, RSSI: -18, Channel: 11, Authmode: 7
[+4.664] I (4834) WifiBoard: WiFi connecting to Zikkoy
[+4.765] W (4934) wifi:[+4.765] Password length matches WPA2 standards, authmode threshold changes from OPEN to WPA2[+4.765] 
[+5.983] I (6154) wifi:[+5.984] new:<11,2>, old:<1,0>, ap:<255,255>, sta:<11,2>, prof:1, snd_ch_cfg:0x0[+5.984] 
[+5.984] I (6154) wifi:[+5.984] state: init -> auth (0xb0)[+5.984] 
[+6.582] I (6754) wifi:[+6.584] state: auth -> assoc (0x0)[+6.584] 
[+6.590] I (6764) wifi:[+6.590] Association refused temporarily time 1000, comeback time 1100 (TUs)[+6.590] 
[+7.257] I (7424) WifiBoard: BLE delayed start timer fired, starting BLE now...
[+7.258] I (7424) BleServer: ===== BLE Initialization Start (async task) =====
[+7.258] I (7424) BleServer:   OK: BLE start task created, initialization will run asynchronously
[+7.259] I (7424) BLE_INIT: Feature Config, ADV:1, BLE_50:1, DTM:1, SCAN:1, CCA:0, SMP:1, CONNECT:1
[+7.260] E (7434) BLE_INIT: Malloc failed
[+7.261] E (7434) BLE_INIT: esp_bt_controller_init -4

[+7.261] E (7434) BleServer:   FAILED: esp_bt_controller_init: ESP_ERR_NO_MEM
[+7.717] I (7884) wifi:[+7.717] state: assoc -> auth (0xb0)[+7.717] 
[+8.030] I (8204) SdCardLogHttp:   OK: Config ready (max_uri_handlers=30, stack_size=20480, timeout=10s)
[+8.031] I (8204) SdCardLogHttp: [3/5] Initializing display request queue...
[+8.031] I (8204) SdCardLogHttp: Display request queue + timer initialized (queue=4 slots, timer=50ms)
[+8.032] I (8204) SdCardLogHttp:   OK: Display request queue ready
[+8.032] I (8204) SdCardLogHttp: [4/5] Starting HTTP server...
[+8.034] I (8204) SdCardLogHttp:   OK: Server started on port 8080
[+8.034] I (8204) SdCardLogHttp: [5/5] Registering URI handlers...
[+8.034] I (8204) SdCardLogHttp:   [GET] /  -> Web UI
[+8.035] I (8204) SdCardLogHttp:   OK: 29 URI handlers registered
[+8.035] I (8204) SdCardLogHttp: ===== HTTP Server Ready =====
[+8.035] I (8204) SdCardLogHttp:   Port: 8080
[+8.037] I (8204) SdCardLogHttp:   Mount: /sdcard
[+8.038] I (8204) SdCardLogHttp:   Handlers: 29
[+8.038] I (8204) Application: HTTP server start called
[+8.038] I (8204) Application: PlayUiSound (zu bytes)
[+8.038] I (8204) I2S_IF: Paired data: 0x3fcf22ac, current mode: playback, paired in_enable: 0, paired out_enable: 0
[+8.039] I (8204) I2S_IF: STD: TX, data_bit: 16, slot_bit: 16, ws_width: 16, slot_mode: MONO, slot_mask: 0x1
[+8.039] I (8204) I2S_IF: STD: TX, sample_rate_hz: 24000, mclk_multiple: 256, clk_src: 6
[+8.056] I (8224) Adev_Codec: Open codec device OK
[+8.057] I (8224) AudioCodec: Set output enable to true
[+8.061] I (8234) AudioService: Resampling audio from 16000 to 24000
[+8.328] I (8494) wifi:[+8.328] state: auth -> assoc (0x0)[+8.328] 
[+8.346] I (8514) wifi:[+8.346] state: assoc -> run (0x10)[+8.346] 
[+8.375] I (8544) wifi:[+8.376] connected with Zikkoy, aid = 1, channel 11, 40D, bssid = 5c:7d:ae:fb:6c:60[+8.376] 
[+8.376] I (8544) wifi:[+8.376] security: WPA3-SAE H2E, phy: bgn, rssi: -17, cipher(pairwise:0x3, group:0x3), pmf:1[+8.378] 
[+8.378] I (8544) wifi:[+8.378] pm start, type: 1
[+8.378] 
[+8.378] I (8544) wifi:[+8.379] dp: 1, bi: 102400, li: 10, scale listen interval from 1024000 us to 1024000 us[+8.379] 
[+8.379] I (8544) wifi:[+8.379] set rx beacon pti, rx_bcn_pti: 14, bcn_timeout: 25000, mt_pti: 14, mt_time: 10000[+8.379] 
[+8.392] I (8564) wifi:[+8.393] AP's beacon interval = 102400 us, DTIM period = 1[+8.393] 
[+8.521] I (8694) Application: PlayUiSound (zu bytes)
[+9.399] I (9574) esp_netif_handlers: sta ip: 192.168.0.152, mask: 255.255.255.0, gw: 192.168.0.1
[+9.402] I (9574) WifiStation: Got IP: 192.168.0.152
[+9.402] I (9574) BleServer: ===== BLE Initialization Start (async task) =====
[+9.403] I (9574) BleServer:   OK: BLE start task created, initialization will run asynchronously
[+9.403] I (9574) WifiBoard: Connected to WiFi: Zikkoy
[+9.403] E (9574) BLE_INIT: Malloc failed
[+9.403] E (9574) BLE_INIT: Malloc failed
[+9.403] E (9574) BLE_INIT: Malloc failed
[+9.404] E (9574) BLE_INIT: esp_bt_controller_init -4

[+9.405] E (9574) BleServer:   FAILED: esp_bt_controller_init: ESP_ERR_NO_MEM
[+9.415] I (9584) AttitudeDisplay: DebugInfoCard shown: title=通知 hidden=0 card_hidden=0
[+9.416] I (9584) AttitudeDisplay: DebugInfo: 通知 | 已连接 Zikkoy (hold=10000ms builtin_font=1)
[+9.861] I (10034) Application: PlayUiSound (zu bytes)
[+11.842] I (12014) AttitudeDisplay: WiFi fisheye status -> 1
[+11.842] I (12014) Application: Network connected
[+11.842] I (12014) StateMachine: State: starting -> activating
[+11.844] I (12014) Application: Waking up pre-created activation task
[+11.844] I (12014) Application: Activation task started
[+11.844] I (12014) Application: ActivationTask: Creating OTA object...
[+11.845] I (12014) Application: ActivationTask: OTA object created
[+11.845] I (12014) Application: ActivationTask: Checking assets version...
[+11.845] I (12014) Assets: The storage free size is 19648 KB
[+11.845] I (12014) Assets: The partition size is 3968 KB
==== xiaozhi boot log, uptime=3.942s, sdk=v5.5.4 ====
[+3.944] I (4114) SdCardLog: SD card log redirect started, file=/sdcard/xiaozhi_boot_3.log
[+3.946] I (4114) SdCardLog:   log history: /sdcard/xiaozhi_boot_3.log
[+3.961] I (4134) waveshare_lcd_1_85: 启动日志已重定向到 TF 卡: /sdcard/xiaozhi_boot_3.log
[+4.661] I (4834) WifiStation: Found AP: Zikkoy, BSSID: 5c:7d:ae:fb:6c:60, RSSI: -17, Channel: 11, Authmode: 7
[+4.661] I (4834) WifiBoard: WiFi connecting to Zikkoy
[+4.765] W (4934) wifi:[+4.765] Password length matches WPA2 standards, authmode threshold changes from OPEN to WPA2[+4.767] 
[+5.983] I (6154) wifi:[+5.983] new:<11,2>, old:<1,0>, ap:<255,255>, sta:<11,2>, prof:1, snd_ch_cfg:0x0[+5.983] 
[+5.983] I (6154) wifi:[+5.984] state: init -> auth (0xb0)[+5.984] 
[+6.590] I (6764) wifi:[+6.590] state: auth -> assoc (0x0)[+6.590] 
[+6.596] I (6764) wifi:[+6.596] Association refused temporarily time 1000, comeback time 1100 (TUs)[+6.596] 
[+7.254] I (7424) WifiBoard: BLE delayed start timer fired, st